"RK",TIERS,"PLAYER NAME",TEAM,"POS","BYE WEEK","UPSIDE ","BUST ","SOS SEASON","ECR VS. ADP"
"1",1,"Jahmyr Gibbs",DET,"RB1","6","5 out of 5","1 out of 5","5 out of 5 stars","0"
"2",1,"Bijan Robinson",ATL,"RB2","11","5 out of 5","1 out of 5","2 out of 5 stars","0"
"3",1,"Ja'Marr Chase",CIN,"WR1","6","5 out of 5","1 out of 5","4 out of 5 stars","0"
"4",1,"Puka Nacua",LAR,"WR2","11","5 out of 5","2 out of 5","1 out of 5 stars","0"
"5",1,"Jaxon Smith-Njigba",SEA,"WR3","11","5 out of 5","2 out of 5","3 out of 5 stars","+2"
"6",1,"Amon-Ra St. Brown",DET,"WR4","6","5 out of 5","1 out of 5","4 out of 5 stars","+2"
"7",1,"Christian McCaffrey",SF,"RB3","8","4 out of 5","4 out of 5","2 out of 5 stars","-2"
"8",1,"Jonathan Taylor",IND,"RB4","13","4 out of 5","3 out of 5","4 out of 5 stars","-2"
"9",1,"CeeDee Lamb",DAL,"WR5","14","4 out of 5","2 out of 5","2 out of 5 stars","+1"
"10",1,"James Cook III",BUF,"RB5","7","5 out of 5","2 out of 5","2 out of 5 stars","-1"
"11",2,"Justin Jefferson",MIN,"WR6","6","4 out of 5","2 out of 5","5 out of 5 stars","+1"
"12",2,"Chase Brown",CIN,"RB6","6","5 out of 5","2 out of 5","2 out of 5 stars","+3"
"13",2,"Drake London",ATL,"WR7","11","4 out of 5","3 out of 5","3 out of 5 stars","+7"
"14",2,"Saquon Barkley",PHI,"RB7","10","4 out of 5","3 out of 5","4 out of 5 stars","-3"
"15",2,"A.J. Brown",NE,"WR8","11","5 out of 5","2 out of 5","2 out of 5 stars","+4"
"16",2,"De'Von Achane",MIA,"RB8","6","4 out of 5","4 out of 5","3 out of 5 stars","-3"
"17",2,"Brock Bowers",LV,"TE1","13","5 out of 5","1 out of 5","3 out of 5 stars","+5"
"18",2,"Nico Collins",HOU,"WR9","8","5 out of 5","2 out of 5","3 out of 5 stars","+6"
"19",2,"Omarion Hampton",LAC,"RB9","7","5 out of 5","2 out of 5","3 out of 5 stars","-3"
"20",2,"Kenneth Walker III",KC,"RB10","5","5 out of 5","4 out of 5","3 out of 5 stars","-3"
"21",2,"Derrick Henry",BAL,"RB11","13","4 out of 5","2 out of 5","3 out of 5 stars","-3"
"22",2,"Ashton Jeanty",LV,"RB12","13","4 out of 5","4 out of 5","2 out of 5 stars","-8"
"23",2,"George Pickens",DAL,"WR10","14","4 out of 5","3 out of 5","2 out of 5 stars","+2"
"24",2,"Chris Olave",NO,"WR11","8","4 out of 5","4 out of 5","3 out of 5 stars","+3"
"25",3,"Trey McBride",ARI,"TE2","14","4 out of 5","2 out of 5","2 out of 5 stars","-2"
"26",3,"Malik Nabers",NYG,"WR12","8","4 out of 5","4 out of 5","4 out of 5 stars","+3"
"AD",3
"27",3,"Josh Allen",BUF,"QB1","7","5 out of 5","1 out of 5","3 out of 5 stars","-6"
"28",3,"DeVonta Smith",PHI,"WR13","10","4 out of 5","2 out of 5","4 out of 5 stars","+4"
"29",3,"Rashee Rice",KC,"WR14","5","4 out of 5","4 out of 5","2 out of 5 stars","+4"
"30",3,"Zay Flowers",BAL,"WR15","13","4 out of 5","2 out of 5","4 out of 5 stars","+5"
"31",3,"Kyren Williams",LAR,"RB13","11","4 out of 5","2 out of 5","5 out of 5 stars","-3"
"32",3,"Tee Higgins",CIN,"WR16","6","5 out of 5","2 out of 5","4 out of 5 stars","+4"
"33",3,"Javonte Williams",DAL,"RB14","14","4 out of 5","4 out of 5","4 out of 5 stars","-2"
"34",3,"Breece Hall",NYJ,"RB15","13","4 out of 5","4 out of 5","3 out of 5 stars","0"
"35",3,"Lamar Jackson",BAL,"QB2","13","4 out of 5","4 out of 5","3 out of 5 stars","+5"
"36",3,"Tetairoa McMillan",CAR,"WR17","5","4 out of 5","4 out of 5","2 out of 5 stars","+3"
"37",3,"Garrett Wilson",NYJ,"WR18","13","4 out of 5","4 out of 5","4 out of 5 stars","+7"
"38",3,"Jaylen Waddle",DEN,"WR19","10","4 out of 5","3 out of 5","2 out of 5 stars","+8"
"39",3,"Ladd McConkey",LAC,"WR20","7","4 out of 5","4 out of 5","2 out of 5 stars","+4"
"40",3,"Colston Loveland",CHI,"TE3","10","5 out of 5","2 out of 5","2 out of 5 stars","+1"
"41",4,"Josh Jacobs",GB,"RB16","11","4 out of 5","3 out of 5","4 out of 5 stars","-11"
"42",4,"Emeka Egbuka",TB,"WR21","10","5 out of 5","3 out of 5","4 out of 5 stars","0"
"43",4,"Jeremiyah Love",ARI,"RB17","14","5 out of 5","3 out of 5","2 out of 5 stars","-17"
"44",4,"Drake Maye",NE,"QB3","11","5 out of 5","2 out of 5","2 out of 5 stars","+8"
"45",4,"Travis Etienne Jr.",NO,"RB18","8","4 out of 5","4 out of 5","3 out of 5 stars","-7"
"46",4,"Terry McLaurin",WAS,"WR22","7","4 out of 5","2 out of 5","2 out of 5 stars","+7"
"47",4,"D'Andre Swift",CHI,"RB19","10","3 out of 5","2 out of 5","2 out of 5 stars","0"
"48",4,"Davante Adams",LAR,"WR23","11","4 out of 5","4 out of 5","1 out of 5 stars","+9"
"49",4,"Joe Burrow",CIN,"QB4","6","4 out of 5","3 out of 5","3 out of 5 stars","+6"
"50",4,"Luther Burden III",CHI,"WR24","10","4 out of 5","4 out of 5","3 out of 5 stars","+4"
"51",4,"Tyler Warren",IND,"TE4","13","5 out of 5","2 out of 5","3 out of 5 stars","0"
"52",4,"Jameson Williams",DET,"WR25","6","4 out of 5","3 out of 5","4 out of 5 stars","+8"
"53",4,"Cam Skattebo",NYG,"RB20","8","4 out of 5","4 out of 5","4 out of 5 stars","-16"
"54",4,"Bucky Irving",TB,"RB21","10","3 out of 5","4 out of 5","2 out of 5 stars","-6"
"55",4,"Quinshon Judkins",CLE,"RB22","11","4 out of 5","4 out of 5","3 out of 5 stars","-10"
"56",4,"David Montgomery",HOU,"RB23","8","4 out of 5","2 out of 5","4 out of 5 stars","-7"
"57",4,"DJ Moore",BUF,"WR26","7","4 out of 5","2 out of 5","4 out of 5 stars","-7"
"58",4,"Christian Watson",GB,"WR27","11","4 out of 5","4 out of 5","5 out of 5 stars","+8"
"59",4,"Jayden Daniels",WAS,"QB5","7","4 out of 5","4 out of 5","2 out of 5 stars","+2"
"60",4,"Mike Evans",SF,"WR28","8","4 out of 5","3 out of 5","2 out of 5 stars","+4"
"61",4,"Rome Odunze",CHI,"WR29","10","4 out of 5","3 out of 5","3 out of 5 stars","+1"
"62",4,"Jalen Hurts",PHI,"QB6","10","4 out of 5","4 out of 5","5 out of 5 stars","+1"
"63",4,"Bhayshul Tuten",JAC,"RB24","7","4 out of 5","3 out of 5","4 out of 5 stars","-5"
"64",5,"Jadarian Price",SEA,"RB25","11","4 out of 5","4 out of 5","4 out of 5 stars","-5"
"65",5,"TreVeyon Henderson",NE,"RB26","11","4 out of 5","4 out of 5","2 out of 5 stars","-9"
"66",5,"Parker Washington",JAC,"WR30","7","4 out of 5","3 out of 5","4 out of 5 stars","+3"
"67",5,"Caleb Williams",CHI,"QB7","10","4 out of 5","2 out of 5","3 out of 5 stars","+5"
"68",5,"Tucker Kraft",GB,"TE5","11","5 out of 5","2 out of 5","2 out of 5 stars","-3"
"69",5,"Marvin Harrison Jr.",ARI,"WR31","14","4 out of 5","4 out of 5","2 out of 5 stars","+6"
"70",5,"Rhamondre Stevenson",NE,"RB27","11","4 out of 5","3 out of 5","2 out of 5 stars","0"
"71",5,"Justin Herbert",LAC,"QB8","7","4 out of 5","2 out of 5","2 out of 5 stars","+7"
"72",5,"Carnell Tate",TEN,"WR32","9","4 out of 5","3 out of 5","3 out of 5 stars","+2"
"73",5,"Jaylen Warren",PIT,"RB28","9","4 out of 5","4 out of 5","2 out of 5 stars","-6"
"74",5,"Trevor Lawrence",JAC,"QB9","7","5 out of 5","1 out of 5","4 out of 5 stars","+11"
"75",5,"DK Metcalf",PIT,"WR33","9","3 out of 5","3 out of 5","3 out of 5 stars","+8"
"76",5,"Brian Thomas Jr.",JAC,"WR34","7","2 out of 5","4 out of 5","4 out of 5 stars","+3"
"77",5,"Tony Pollard",TEN,"RB29","9","4 out of 5","3 out of 5","3 out of 5 stars","-1"
"78",5,"Dak Prescott",DAL,"QB10","14","4 out of 5","2 out of 5","2 out of 5 stars","+2"
"79",5,"Harold Fannin Jr.",CLE,"TE6","11","4 out of 5","3 out of 5","3 out of 5 stars","-11"
"80",5,"Rico Dowdle",PIT,"RB30","9","4 out of 5","4 out of 5","2 out of 5 stars","-3"
"81",5,"Sam LaPorta",DET,"TE7","6","4 out of 5","3 out of 5","3 out of 5 stars","-10"
"82",5,"Chris Godwin Jr.",TB,"WR35","10","4 out of 5","4 out of 5","4 out of 5 stars","+7"
"83",5,"Kyle Pitts Sr.",ATL,"TE8","11","4 out of 5","4 out of 5","3 out of 5 stars","-10"
"84",5,"Jonathon Brooks",CAR,"RB31","5","4 out of 5","4 out of 5","1 out of 5 stars","-2"
"85",5,"Courtland Sutton",DEN,"WR36","10","2 out of 5","4 out of 5","2 out of 5 stars","+1"
"86",5,"J.K. Dobbins",DEN,"RB32","10","4 out of 5","4 out of 5","2 out of 5 stars","+2"
"87",5,"Michael Pittman Jr.",PIT,"WR37","9","4 out of 5","3 out of 5","3 out of 5 stars","+22"
"88",5,"Quentin Johnston",LAC,"WR38","7","4 out of 5","4 out of 5","2 out of 5 stars","+17"
"89",5,"Michael Wilson",ARI,"WR39","14","-","-","2 out of 5 stars","+1"
"90",6,"Chuba Hubbard",CAR,"RB33","5","2 out of 5","4 out of 5","1 out of 5 stars","-9"
"AD",6
"91",6,"Blake Corum",LAR,"RB34","11","4 out of 5","4 out of 5","5 out of 5 stars","0"
"92",6,"Alec Pierce",IND,"WR40","13","4 out of 5","4 out of 5","4 out of 5 stars","0"
"93",6,"Brock Purdy",SF,"QB11","8","4 out of 5","2 out of 5","1 out of 5 stars","+17"
"94",6,"George Kittle",SF,"TE9","8","4 out of 5","4 out of 5","3 out of 5 stars","-7"
"95",6,"Josh Downs",IND,"WR41","13","3 out of 5","4 out of 5","4 out of 5 stars","+8"
"96",6,"Jaxson Dart",NYG,"QB12","8","5 out of 5","4 out of 5","4 out of 5 stars","-1"
"97",6,"Jacory Croskey-Merritt",WAS,"RB35","7","4 out of 5","4 out of 5","4 out of 5 stars","0"
"98",6,"Bo Nix",DEN,"QB13","10","4 out of 5","2 out of 5","3 out of 5 stars","+4"
"99",6,"Wan'Dale Robinson",TEN,"WR42","9","4 out of 5","3 out of 5","3 out of 5 stars","+25"
"100",6,"Stefon Diggs",WAS,"WR43","7","4 out of 5","2 out of 5","2 out of 5 stars","+11"
"101",6,"RJ Harvey",DEN,"RB36","10","2 out of 5","4 out of 5","2 out of 5 stars","-17"
"102",6,"Patrick Mahomes II",KC,"QB14","5","2 out of 5","4 out of 5","2 out of 5 stars","+4"
"103",6,"Jordan Mason",MIN,"RB37","6","4 out of 5","3 out of 5","4 out of 5 stars","-7"
"104",6,"Jordan Addison",MIN,"WR44","6","4 out of 5","4 out of 5","5 out of 5 stars","+4"
"105",6,"Travis Kelce",KC,"TE10","5","2 out of 5","3 out of 5","4 out of 5 stars","-11"
"106",6,"Kenny Gainwell",TB,"RB38","10","4 out of 5","3 out of 5","2 out of 5 stars","-2"
"107",6,"Jayden Reed",GB,"WR45","11","4 out of 5","4 out of 5","5 out of 5 stars","+5"
"108",6,"Matthew Stafford",LAR,"QB15","11","4 out of 5","2 out of 5","3 out of 5 stars","-8"
"109",6,"Jared Goff",DET,"QB16","6","4 out of 5","1 out of 5","5 out of 5 stars","+11"
"110",6,"Kyle Monangai",CHI,"RB39","10","4 out of 5","4 out of 5","2 out of 5 stars","-17"
"111",6,"Jakobi Meyers",JAC,"WR46","7","2 out of 5","3 out of 5","4 out of 5 stars","+18"
"112",6,"Dalton Kincaid",BUF,"TE11","7","3 out of 5","4 out of 5","3 out of 5 stars","-14"
"113",6,"Makai Lemon",PHI,"WR47","10","4 out of 5","3 out of 5","4 out of 5 stars","-12"
"114",6,"Rachaad White",WAS,"RB40","7","4 out of 5","2 out of 5","4 out of 5 stars","+3"
"115",6,"Aaron Jones Sr.",MIN,"RB41","6","1 out of 5","4 out of 5","4 out of 5 stars","+4"
"116",6,"Dallas Goedert",PHI,"TE12","10","4 out of 5","3 out of 5","4 out of 5 stars","+5"
"117",6,"Isaiah Likely",NYG,"TE13","8","4 out of 5","4 out of 5","3 out of 5 stars","-18"
"118",6,"Baker Mayfield",TB,"QB17","10","3 out of 5","4 out of 5","2 out of 5 stars","+14"
"119",6,"Kyler Murray",MIN,"QB18","6","4 out of 5","3 out of 5","5 out of 5 stars","+7"
"120",6,"Jordan Love",GB,"QB19","11","4 out of 5","3 out of 5","4 out of 5 stars","+19"
"121",6,"Chris Rodriguez Jr.",JAC,"RB42","7","3 out of 5","4 out of 5","4 out of 5 stars","+20"
"122",6,"Mark Andrews",BAL,"TE14","13","4 out of 5","4 out of 5","4 out of 5 stars","0"
"123",6,"Xavier Worthy",KC,"WR48","5","4 out of 5","4 out of 5","2 out of 5 stars","+14"
"124",6,"Romeo Doubs",NE,"WR49","11","4 out of 5","3 out of 5","2 out of 5 stars","+20"
"125",6,"Tyler Shough",NO,"QB20","8","4 out of 5","2 out of 5","3 out of 5 stars","+41"
"126",6,"Jalen Coker",CAR,"WR50","5","4 out of 5","3 out of 5","2 out of 5 stars","+30"
"127",6,"Matthew Golden",GB,"WR51","11","3 out of 5","4 out of 5","5 out of 5 stars","+3"
"128",6,"Tyler Allgeier",ARI,"RB43","14","4 out of 5","4 out of 5","2 out of 5 stars","+6"
"129",6,"Woody Marks",HOU,"RB44","8","3 out of 5","4 out of 5","4 out of 5 stars","+7"
"130",6,"Jake Ferguson",DAL,"TE15","14","2 out of 5","4 out of 5","2 out of 5 stars","-12"
"131",6,"Khalil Shakir",BUF,"WR52","7","2 out of 5","4 out of 5","4 out of 5 stars","+24"
"132",6,"KC Concepcion",CLE,"WR53","11","4 out of 5","4 out of 5","3 out of 5 stars","-5"
"133",6,"Jordyn Tyson",NO,"WR54","8","3 out of 5","5 out of 5","3 out of 5 stars","-26"
"134",7,"Tyjae Spears",TEN,"RB45","9","3 out of 5","4 out of 5","3 out of 5 stars","+23"
"135",7,"Deebo Samuel Sr.",SF,"WR55","8","4 out of 5","3 out of 5","2 out of 5 stars","-2"
"136",7,"Malik Willis",MIA,"QB21","6","4 out of 5","4 out of 5","3 out of 5 stars","+18"
"137",7,"Juwan Johnson",NO,"TE16","8","4 out of 5","2 out of 5","2 out of 5 stars","+14"
"138",7,"Keaton Mitchell",LAC,"RB46","7","4 out of 5","3 out of 5","3 out of 5 stars","+21"
"139",7,"Tank Bigsby",PHI,"RB47","10","4 out of 5","4 out of 5","4 out of 5 stars","+23"
"140",7,"Sam Darnold",SEA,"QB22","11","1 out of 5","4 out of 5","4 out of 5 stars","+3"
"141",7,"Jonah Coleman",DEN,"RB48","10","4 out of 5","4 out of 5","2 out of 5 stars","+5"
"142",7,"Hunter Henry",NE,"TE17","11","2 out of 5","4 out of 5","4 out of 5 stars","+11"
"143",7,"Zach Charbonnet",SEA,"RB49","11","3 out of 5","4 out of 5","4 out of 5 stars","-1"
"144",7,"De'Zhaun Stribling",SF,"WR56","8","4 out of 5","4 out of 5","2 out of 5 stars","-31"
"145",7,"Rashid Shaheed",SEA,"WR57","11","4 out of 5","4 out of 5","3 out of 5 stars","-5"
"146",7,"Dylan Sampson",CLE,"RB50","11","4 out of 5","2 out of 5","3 out of 5 stars","+57"
"147",7,"C.J. Stroud",HOU,"QB23","8","3 out of 5","4 out of 5","4 out of 5 stars","+17"
"148",7,"Chig Okonkwo",WAS,"TE18","7","4 out of 5","3 out of 5","1 out of 5 stars","+19"
"149",7,"Isiah Pacheco",DET,"RB51","6","3 out of 5","4 out of 5","5 out of 5 stars","+3"
"150",7,"Alvin Kamara",NO,"RB52","8","2 out of 5","4 out of 5","3 out of 5 stars","0"
"151",7,"Dalton Schultz",HOU,"TE19","8","4 out of 5","2 out of 5","4 out of 5 stars","+31"
"152",7,"Tyrone Tracy Jr.",NYG,"RB53","8","2 out of 5","4 out of 5","4 out of 5 stars","-3"
"153",7,"Cam Ward",TEN,"QB24","9","4 out of 5","4 out of 5","3 out of 5 stars","+21"
"154",7,"Brenton Strange",JAC,"TE20","7","3 out of 5","3 out of 5","3 out of 5 stars","+6"
"155",7,"Daniel Jones",IND,"QB25","13","4 out of 5","4 out of 5","4 out of 5 stars","+20"
"156",7,"MarShawn Lloyd",GB,"RB54","11","4 out of 5","4 out of 5","4 out of 5 stars","+5"
"157",7,"Brian Robinson Jr.",ATL,"RB55","11","1 out of 5","4 out of 5","2 out of 5 stars","-12"
"158",7,"Adonai Mitchell",NYJ,"WR58","13","4 out of 5","4 out of 5","4 out of 5 stars","+78"
"159",7,"Denzel Boston",CLE,"WR59","11","4 out of 5","4 out of 5","3 out of 5 stars","+13"
"160",7,"Braelon Allen",NYJ,"RB56","13","2 out of 5","4 out of 5","3 out of 5 stars","+49"
"161",7,"Tre Tucker",LV,"WR60","13","4 out of 5","2 out of 5","2 out of 5 stars","+56"
"162",7,"Jauan Jennings",MIN,"WR61","6","2 out of 5","4 out of 5","5 out of 5 stars","+18"
"163",7,"Jerry Jeudy",CLE,"WR62","11","2 out of 5","4 out of 5","3 out of 5 stars","+59"
"164",7,"Mike Washington Jr.",LV,"RB57","13","4 out of 5","4 out of 5","2 out of 5 stars","-36"
"165",7,"Ray Davis",BUF,"RB58","7","4 out of 5","4 out of 5","2 out of 5 stars","+61"
"166",7,"Jalen McMillan",TB,"WR63","10","4 out of 5","4 out of 5","4 out of 5 stars","+17"
"167",7,"Tre' Harris",LAC,"WR64","7","4 out of 5","3 out of 5","2 out of 5 stars","+57"
"168",7,"Dontayvion Wicks",PHI,"WR65","10","4 out of 5","4 out of 5","4 out of 5 stars","+53"
"169",7,"AJ Barner",SEA,"TE21","11","4 out of 5","3 out of 5","3 out of 5 stars","+18"
"170",7,"Bryce Young",CAR,"QB26","5","2 out of 5","4 out of 5","2 out of 5 stars","+3"
"171",7,"Terrance Ferguson",LAR,"TE22","11","4 out of 5","4 out of 5","4 out of 5 stars","+8"
"172",8,"Kayshon Boutte",HOU,"WR66","8","2 out of 5","4 out of 5","3 out of 5 stars","+39"
"173",8,"T.J. Hockenson",MIN,"TE23","6","3 out of 5","4 out of 5","4 out of 5 stars","-3"
"174",8,"Emmett Johnson",KC,"RB59","5","4 out of 5","4 out of 5","3 out of 5 stars","+42"
"175",8,"Jalen Nailor",LV,"WR67","13","-","-","2 out of 5 stars","-10"
"176",8,"Omar Cooper Jr.",NYJ,"WR68","13","4 out of 5","4 out of 5","4 out of 5 stars","+47"
"177",8,"Pat Bryant",DEN,"WR69","10","3 out of 5","3 out of 5","2 out of 5 stars","+65"
"178",8,"Ryan Flournoy",DAL,"WR70","14","4 out of 5","2 out of 5","2 out of 5 stars","+86"
"179",8,"Oronde Gadsden II",LAC,"TE24","7","3 out of 5","4 out of 5","4 out of 5 stars","-8"
"180",8,"Malik Washington",MIA,"WR71","6","3 out of 5","4 out of 5","3 out of 5 stars","+35"
"181",8,"Keenan Allen",IND,"WR72","13","3 out of 5","3 out of 5","4 out of 5 stars","-12"
"182",8,"Kimani Vidal",LAC,"RB60","7","1 out of 5","4 out of 5","3 out of 5 stars","+63"
"183",8,"Calvin Ridley",TEN,"WR73","9","2 out of 5","4 out of 5","3 out of 5 stars","+45"
"184",8,"Jacoby Brissett",ARI,"QB27","14","3 out of 5","4 out of 5","2 out of 5 stars","+49"
"185",8,"Kenyon Sadiq",NYJ,"TE25","13","3 out of 5","4 out of 5","4 out of 5 stars","-9"
"186",8,"Sean Tucker",TB,"RB61","10","4 out of 5","4 out of 5","2 out of 5 stars","+63"
"187",8,"Nicholas Singleton",TEN,"RB62","9","3 out of 5","4 out of 5","3 out of 5 stars","+40"
"188",8,"Houston Texans",HOU,"DST1","8","-","-","2 out of 5 stars","-73"
"189",8,"Gunnar Helm",TEN,"TE26","9","3 out of 5","3 out of 5","3 out of 5 stars","+67"
"190",8,"Jaylin Noel",HOU,"WR74","8","4 out of 5","3 out of 5","3 out of 5 stars","+116"
"191",8,"Tank Dell",HOU,"WR75","8","4 out of 5","4 out of 5","3 out of 5 stars","+29"
"192",8,"Denver Broncos",DEN,"DST2","10","-","-","4 out of 5 stars","-69"
"193",8,"Travis Hunter",JAC,"WR76","7","3 out of 5","4 out of 5","4 out of 5 stars","-7"
"194",8,"Seattle Seahawks",SEA,"DST3","11","-","-","2 out of 5 stars","-69"
"195",8,"Los Angeles Rams",LAR,"DST4","11","-","-","2 out of 5 stars","-79"
"196",8,"Jaydon Blue",DAL,"RB63","14","4 out of 5","4 out of 5","4 out of 5 stars","-12"
"197",8,"Pat Freiermuth",PIT,"TE27","9","3 out of 5","3 out of 5","2 out of 5 stars","-3"
"198",8,"Jacksonville Jaguars",JAC,"DST5","7","-","-","3 out of 5 stars","-13"
"199",8,"Geno Smith",NYJ,"QB28","13","2 out of 5","4 out of 5","4 out of 5 stars","+38"
"200",8,"Philadelphia Eagles",PHI,"DST6","10","-","-","0 out of 5 stars","-62"
"201",8,"Aaron Rodgers",PIT,"QB29","9","1 out of 5","4 out of 5","2 out of 5 stars","-24"
"202",8,"New England Patriots",NE,"DST7","11","-","-","3 out of 5 stars","-34"
"203",8,"Pittsburgh Steelers",PIT,"DST8","9","-","-","5 out of 5 stars","-13"
"204",8,"Cade Otton",TB,"TE28","10","2 out of 5","4 out of 5","2 out of 5 stars","+46"
"205",8,"Rashod Bateman",BAL,"WR77","13","3 out of 5","4 out of 5","4 out of 5 stars","-"
"206",8,"Brandon Aubrey",DAL,"K1","14","4 out of 5","1 out of 5","2 out of 5 stars","-92"
"207",8,"Los Angeles Chargers",LAC,"DST9","7","-","-","3 out of 5 stars","-15"
"208",8,"Kaytron Allen",WAS,"RB64","7","2 out of 5","4 out of 5","4 out of 5 stars","+30"
"209",8,"Minnesota Vikings",MIN,"DST10","6","-","-","1 out of 5 stars","-28"
"210",8,"Cameron Dicker",LAC,"K2","7","5 out of 5","1 out of 5","2 out of 5 stars","-75"
"211",8,"Isaac TeSlaa",DET,"WR78","6","3 out of 5","4 out of 5","4 out of 5 stars","-13"
"212",8,"Ka'imi Fairbairn",HOU,"K3","8","5 out of 5","1 out of 5","2 out of 5 stars","-81"
"213",8,"George Holani",SEA,"RB65","11","3 out of 5","4 out of 5","4 out of 5 stars","+59"
"214",8,"James Conner",ARI,"RB66","14","2 out of 5","4 out of 5","2 out of 5 stars","-21"
"215",8,"Cooper Kupp",SEA,"WR79","11","3 out of 5","4 out of 5","3 out of 5 stars","-20"
"216",8,"Cam Little",JAC,"K4","7","-","-","4 out of 5 stars","-58"
"217",8,"Darnell Mooney",NYG,"WR80","8","3 out of 5","4 out of 5","4 out of 5 stars","+54"
"218",8,"Emanuel Wilson",SEA,"RB67","11","2 out of 5","4 out of 5","4 out of 5 stars","+71"
"219",8,"Kansas City Chiefs",KC,"DST11","5","-","-","3 out of 5 stars","+11"
"220",8,"Baltimore Ravens",BAL,"DST12","13","-","-","5 out of 5 stars","-29"
"221",8,"Jason Myers",SEA,"K5","11","4 out of 5","1 out of 5","4 out of 5 stars","-73"
"222",8,"Tyler Loop",BAL,"K6","13","-","-","3 out of 5 stars","-23"
"223",8,"Green Bay Packers",GB,"DST13","11","-","-","2 out of 5 stars","-15"
"224",8,"Jaylen Wright",MIA,"RB68","6","-","-","3 out of 5 stars","+19"
"225",8,"Jake Bates",DET,"K7","6","4 out of 5","2 out of 5","5 out of 5 stars","-37"
"226",8,"Eddy Pineiro",SF,"K8","8","4 out of 5","2 out of 5","5 out of 5 stars","-24"
"227",9,"Germie Bernard",PIT,"WR81","9","2 out of 5","4 out of 5","3 out of 5 stars","+35"
"228",9,"Troy Franklin",DEN,"WR82","10","1 out of 5","4 out of 5","2 out of 5 stars","+75"
"229",9,"Kaelon Black",SF,"RB69","8","4 out of 5","4 out of 5","2 out of 5 stars","-23"
"230",9,"Detroit Lions",DET,"DST14","6","-","-","5 out of 5 stars","-18"
"231",9,"Harrison Mevis",LAR,"K9","11","4 out of 5","2 out of 5","2 out of 5 stars","-42"
"232",9,"Zachariah Branch",ATL,"WR83","11","3 out of 5","4 out of 5","3 out of 5 stars","+9"
"233",9,"David Njoku",LAC,"TE29","7","4 out of 5","4 out of 5","4 out of 5 stars","-55"
"234",9,"Buffalo Bills",BUF,"DST15","7","-","-","3 out of 5 stars","-2"
"235",9,"Cairo Santos",CHI,"K10","10","3 out of 5","3 out of 5","0 out of 5 stars","+22"
"236",9,"Fernando Mendoza",LV,"QB30","13","4 out of 5","3 out of 5","1 out of 5 stars","-73"
"237",9,"Devaughn Vele",NO,"WR84","8","2 out of 5","4 out of 5","3 out of 5 stars","+40"
"238",9,"Justice Hill",BAL,"RB70","13","-","-","3 out of 5 stars","-4"
"239",9,"Evan Engram",DEN,"TE30","10","-","-","4 out of 5 stars","+47"
"240",9,"Malachi Fields",NYG,"WR85","8","4 out of 5","4 out of 5","4 out of 5 stars","-9"
"241",9,"Chase McLaughlin",TB,"K11","10","4 out of 5","2 out of 5","3 out of 5 stars","-12"
"242",9,"Evan McPherson",CIN,"K12","6","4 out of 5","2 out of 5","2 out of 5 stars","-41"
"243",9,"Andy Borregales",NE,"K13","11","-","-","1 out of 5 stars","-25"
"244",9,"Jack Bech",LV,"WR86","13","3 out of 5","4 out of 5","2 out of 5 stars","-"
"245",9,"Ollie Gordon II",MIA,"RB71","6","3 out of 5","4 out of 5","3 out of 5 stars","-"
"246",9,"Keon Coleman",BUF,"WR87","7","2 out of 5","4 out of 5","4 out of 5 stars","+30"
"247",9,"Cleveland Browns",CLE,"DST16","11","-","-","5 out of 5 stars","0"
"248",9,"Demond Claiborne",MIN,"RB72","6","3 out of 5","4 out of 5","4 out of 5 stars","+7"
"249",9,"Jordan James",SF,"RB73","8","2 out of 5","4 out of 5","2 out of 5 stars","+5"
"250",9,"Samaje Perine",CIN,"RB74","6","1 out of 5","4 out of 5","2 out of 5 stars","+30"
"251",9,"Colby Parkinson",LAR,"TE31","11","-","-","4 out of 5 stars","+17"
"252",9,"Ja'Kobi Lane",BAL,"WR88","13","4 out of 5","4 out of 5","4 out of 5 stars","-105"
"253",9,"Antonio Williams",WAS,"WR89","7","4 out of 5","2 out of 5","2 out of 5 stars","+14"
"254",9,"Tua Tagovailoa",ATL,"QB31","11","2 out of 5","4 out of 5","4 out of 5 stars","-14"
"255",9,"Isaiah Davis",NYJ,"RB75","13","2 out of 5","4 out of 5","3 out of 5 stars","-"
"256",9,"Najee Harris",NYG,"RB76","8","2 out of 5","4 out of 5","4 out of 5 stars","+5"
"257",9,"Chris Brooks",GB,"RB77","11","2 out of 5","4 out of 5","4 out of 5 stars","-"
"258",9,"Harrison Butker",KC,"K14","5","-","-","5 out of 5 stars","-62"
"259",9,"Tory Horton",SEA,"WR90","11","4 out of 5","4 out of 5","3 out of 5 stars","+36"
"260",9,"Elic Ayomanor",TEN,"WR91","9","1 out of 5","5 out of 5","3 out of 5 stars","-"
"261",9,"Ted Hurst III",TB,"WR92","10","4 out of 5","4 out of 5","4 out of 5 stars","+5"
"262",9,"Greg Dulcich",MIA,"TE32","6","4 out of 5","4 out of 5","5 out of 5 stars","-52"
"263",9,"Chris Bell",MIA,"WR93","6","4 out of 5","4 out of 5","3 out of 5 stars","-19"
"264",9,"Ty Johnson",BUF,"RB78","7","-","-","2 out of 5 stars","+21"
"265",9,"Chris Boswell",PIT,"K15","9","4 out of 5","2 out of 5","4 out of 5 stars","-60"
"266",9,"LeQuint Allen Jr.",JAC,"RB79","7","2 out of 5","4 out of 5","4 out of 5 stars","+47"
"267",9,"Tyquan Thornton",KC,"WR94","5","2 out of 5","5 out of 5","2 out of 5 stars","-"
"268",9,"Chimere Dike",TEN,"WR95","9","1 out of 5","5 out of 5","3 out of 5 stars","-"
"269",9,"Kirk Cousins",LV,"QB32","13","2 out of 5","4 out of 5","1 out of 5 stars","-9"
"270",9,"Wil Lutz",DEN,"K16","10","-","-","1 out of 5 stars","-31"
"271",9,"Malik Davis",DAL,"RB80","14","-","-","4 out of 5 stars","+38"
"272",9,"Michael Penix Jr.",ATL,"QB33","11","2 out of 5","5 out of 5","4 out of 5 stars","-14"
"273",9,"Darius Slayton",NYG,"WR96","8","3 out of 5","4 out of 5","4 out of 5 stars","-"
"274",9,"Caleb Douglas",MIA,"WR97","6","2 out of 5","4 out of 5","3 out of 5 stars","-49"
"275",9,"DJ Giddens",IND,"RB81","13","2 out of 5","4 out of 5","4 out of 5 stars","-"
"276",9,"Christian Kirk",SF,"WR98","8","3 out of 5","4 out of 5","2 out of 5 stars","-3"
"277",9,"Deshaun Watson",CLE,"QB34","11","2 out of 5","5 out of 5","4 out of 5 stars","-26"
"278",9,"Xavier Legette",CAR,"WR99","5","2 out of 5","4 out of 5","2 out of 5 stars","-"
"279",9,"Will Reichard",MIN,"K17","6","-","-","2 out of 5 stars","-75"
"280",9,"Shedeur Sanders",CLE,"QB35","11","3 out of 5","4 out of 5","4 out of 5 stars","-15"
"281",9,"Mason Taylor",NYJ,"TE33","13","1 out of 5","4 out of 5","4 out of 5 stars","-"
"282",9,"Seth McGowan",IND,"RB82","13","4 out of 5","4 out of 5","4 out of 5 stars","+29"
"283",9,"Kendre Miller",NO,"RB83","8","2 out of 5","4 out of 5","3 out of 5 stars","-"
"284",9,"Marvin Mims Jr.",DEN,"WR100","10","3 out of 5","4 out of 5","2 out of 5 stars","-"
"285",9,"San Francisco 49ers",SF,"DST17","8","-","-","3 out of 5 stars","-71"
"286",9,"Elijah Sarratt",BAL,"WR101","13","4 out of 5","4 out of 5","4 out of 5 stars","-"
"287",9,"Devin Neal",NO,"RB84","8","2 out of 5","4 out of 5","3 out of 5 stars","-"
"288",9,"Adam Randall",BAL,"RB85","13","3 out of 5","4 out of 5","3 out of 5 stars","+35"
"289",9,"Theo Johnson",NYG,"TE34","8","1 out of 5","5 out of 5","3 out of 5 stars","+10"
"290",9,"Atlanta Falcons",ATL,"DST18","11","-","-","4 out of 5 stars","-31"
"291",9,"Emari Demercado",KC,"RB86","5","1 out of 5","5 out of 5","3 out of 5 stars","+25"
"292",9,"Brashard Smith",KC,"RB87","5","-","-","3 out of 5 stars","-"
"293",9,"Cyrus Allen",KC,"WR102","5","4 out of 5","4 out of 5","2 out of 5 stars","-80"
"294",9,"Eli Stowers",PHI,"TE35","10","4 out of 5","4 out of 5","4 out of 5 stars","-24"
"295",9,"Devin Singletary",NYG,"RB88","8","1 out of 5","5 out of 5","4 out of 5 stars","-26"
"296",9,"Trevor Etienne",CAR,"RB89","5","-","-","1 out of 5 stars","-"
"297",9,"Hollywood Brown",PHI,"WR103","10","-","-","4 out of 5 stars","-"
"298",9,"Tahj Brooks",CIN,"RB90","6","-","-","2 out of 5 stars","-"
"299",10,"New Orleans Saints",NO,"DST19","8","-","-","5 out of 5 stars","-"
"300",10,"Kyle Williams",NE,"WR104","11","-","-","2 out of 5 stars","-"
"301",10,"Mack Hollins",NE,"WR105","11","-","-","2 out of 5 stars","-"
"302",10,"Trey Benson",ARI,"RB91","14","1 out of 5","5 out of 5","2 out of 5 stars","-1"
"303",10,"Kaleb Johnson",PIT,"RB92","9","2 out of 5","5 out of 5","2 out of 5 stars","-6"
"304",10,"Mike Gesicki",CIN,"TE36","6","-","-","3 out of 5 stars","-29"
"305",10,"Isaac Guerendo",SF,"RB93","8","-","-","2 out of 5 stars","-"
"306",10,"Jerome Ford",WAS,"RB94","7","2 out of 5","4 out of 5","4 out of 5 stars","-"
"307",10,"Jarquez Hunter",MIA,"RB95","6","-","-","3 out of 5 stars","-"
"308",10,"Isaiah Bond",CLE,"WR106","11","-","-","3 out of 5 stars","-"
"309",10,"Audric Estime",NO,"RB96","8","-","-","3 out of 5 stars","-"
"310",10,"Jaleel McLaughlin",DEN,"RB97","10","-","-","2 out of 5 stars","-"
"311",10,"Charlie Smyth",NO,"K18","8","-","-","5 out of 5 stars","-"
"312",10,"Indianapolis Colts",IND,"DST20","13","-","-","5 out of 5 stars","-"
"313",10,"Skyler Bell",BUF,"WR107","7","-","-","4 out of 5 stars","-"
"314",10,"Will Shipley",PHI,"RB98","10","-","-","4 out of 5 stars","-"
"315",10,"Chicago Bears",CHI,"DST21","10","-","-","2 out of 5 stars","-96"
"316",10,"Jake Tonges",SF,"TE37","8","-","-","3 out of 5 stars","-37"
"317",10,"Darren Waller",CAR,"TE38","5","-","-","2 out of 5 stars","-24"
"318",10,"Brandon Aiyuk",SF,"WR108","8","2 out of 5","5 out of 5","2 out of 5 stars","-14"
"319",10,"Andrei Iosivas",CIN,"WR109","6","-","-","4 out of 5 stars","-"
"320",10,"Darnell Washington",PIT,"TE39","9","-","-","2 out of 5 stars","-"
"321",10,"DeMario Douglas",NE,"WR110","11","-","-","2 out of 5 stars","-"
"322",10,"Tyreek Hill",FA,"WR111","-","1 out of 5","5 out of 5","-","-122"
"323",10,"Michael Mayer",LV,"TE40","13","-","-","3 out of 5 stars","-21"
"324",10,"Oscar Delp",NO,"TE41","8","4 out of 5","4 out of 5","2 out of 5 stars","-"
"325",10,"Jahan Dotson",ATL,"WR112","11","-","-","3 out of 5 stars","-3"
"326",10,"Elijah Arroyo",SEA,"TE42","11","-","-","3 out of 5 stars","-52"
"327",10,"Charlie Kolar",LAC,"TE43","7","-","-","4 out of 5 stars","-"
"328",10,"Kareem Hunt",FA,"RB99","-","-","-","-","-45"
"329",10,"Erick All Jr.",CIN,"TE44","6","-","-","3 out of 5 stars","-"
"330",10,"Bryce Lance",NO,"WR113","8","-","-","3 out of 5 stars","-"
"331",10,"Carson Beck",ARI,"QB36","14","-","-","2 out of 5 stars","-"
"332",10,"Jalen Tolbert",MIA,"WR114","6","-","-","3 out of 5 stars","-27"
"333",10,"Xavier Hutchinson",HOU,"WR115","8","-","-","3 out of 5 stars","-"
"334",10,"Dallas Cowboys",DAL,"DST22","14","-","-","1 out of 5 stars","-137"
"335",10,"Cole Kmet",CHI,"TE45","10","-","-","2 out of 5 stars","-"
"336",10,"Eli Raridon",NE,"TE46","11","-","-","4 out of 5 stars","-"
"337",11,"Joe Mixon",FA,"RB100","-","-","-","-","-"
"338",11,"Dawson Knox",BUF,"TE47","7","-","-","3 out of 5 stars","-"
"339",11,"J.J. McCarthy",MIN,"QB37","6","-","-","5 out of 5 stars","-"
"340",11,"Brenen Thompson",LAC,"WR116","7","-","-","2 out of 5 stars","-"
"341",11,"Konata Mumpfield",LAR,"WR117","11","-","-","1 out of 5 stars","-"
"342",11,"Cedric Tillman",FA,"WR118","-","-","-","-","-"
"343",11,"Tyler Higbee",LAR,"TE48","11","-","-","4 out of 5 stars","-"
"344",11,"Tez Johnson",TB,"WR119","10","-","-","4 out of 5 stars","-"
"345",11,"Luke McCaffrey",WAS,"WR120","7","-","-","2 out of 5 stars","-"
"346",11,"Bam Knight",ARI,"RB101","14","-","-","2 out of 5 stars","-"
"347",11,"Noah Gray",KC,"TE49","5","-","-","4 out of 5 stars","-"
"348",11,"Kendrick Bourne",ARI,"WR121","14","-","-","2 out of 5 stars","-"
"349",11,"Jalen Royals",KC,"WR122","5","-","-","2 out of 5 stars","-"
"350",11,"Mac Jones",SF,"QB38","8","-","-","1 out of 5 stars","-"
"351",11,"Olamide Zaccheaus",ATL,"WR123","11","-","-","3 out of 5 stars","-"
"352",11,"Max Klare",LAR,"TE50","11","-","-","4 out of 5 stars","-"
"353",11,"Joshua Palmer",BUF,"WR124","7","-","-","4 out of 5 stars","-"
"354",11,"Ja'Tavion Sanders",CAR,"TE51","5","-","-","2 out of 5 stars","-"
"355",11,"Eli Heidenreich",PIT,"RB102","9","-","-","2 out of 5 stars","-"
"356",11,"Treylon Burks",WAS,"WR125","7","-","-","2 out of 5 stars","-"
"357",11,"Jake Elliott",PHI,"K19","10","-","-","5 out of 5 stars","-111"
"358",11,"Justin Fields",KC,"QB39","5","-","-","2 out of 5 stars","-"
"359",11,"Chris Brazzell II",CAR,"WR126","5","-","-","2 out of 5 stars","-"
"360",11,"Carolina Panthers",CAR,"DST23","5","-","-","3 out of 5 stars","-"
"361",11,"Ty Simpson",LAR,"QB40","11","-","-","3 out of 5 stars","-"
"362",11,"Michael Carter",TEN,"RB103","9","-","-","3 out of 5 stars","-"
"363",11,"Jawhar Jordan",HOU,"RB104","8","-","-","4 out of 5 stars","-"
"364",11,"Tyler Bass",BUF,"K20","7","-","-","2 out of 5 stars","-111"
"365",11,"Savion Williams",GB,"WR127","11","-","-","5 out of 5 stars","-"
"366",11,"Malik Benson",LV,"WR128","13","-","-","2 out of 5 stars","-"
"367",11,"Justin Joly",DEN,"TE52","10","-","-","4 out of 5 stars","-"
"368",11,"Raheim Sanders",CLE,"RB105","11","-","-","3 out of 5 stars","-"
"369",11,"New York Giants",NYG,"DST24","8","-","-","1 out of 5 stars","-134"
"370",11,"KaVontae Turpin",DAL,"WR129","14","-","-","2 out of 5 stars","-"
"371",11,"Roman Wilson",PIT,"WR130","9","-","-","3 out of 5 stars","-"
"372",11,"Kalif Raymond",CHI,"WR131","10","-","-","3 out of 5 stars","-"
"373",11,"Tampa Bay Buccaneers",TB,"DST25","10","-","-","4 out of 5 stars","-"
"374",11,"Kevin Coleman Jr.",MIA,"WR132","6","-","-","3 out of 5 stars","-"
"375",11,"Dont'e Thornton Jr.",LV,"WR133","13","-","-","2 out of 5 stars","-"
"376",11,"Roschon Johnson",CHI,"RB106","10","-","-","2 out of 5 stars","-"
"377",11,"Trey Smack",GB,"K21","11","-","-","4 out of 5 stars","-170"
"378",11,"Anthony Richardson Sr.",IND,"QB41","13","-","-","4 out of 5 stars","-"
"379",11,"Colbie Young",CIN,"WR134","6","-","-","4 out of 5 stars","-"
"380",11,"Noah Fant",NO,"TE53","8","-","-","2 out of 5 stars","-"
"381",11,"Zavion Thomas",CHI,"WR135","10","-","-","3 out of 5 stars","-"
"382",11,"CJ Daniels",LAR,"WR136","11","-","-","1 out of 5 stars","-"
"383",11,"Jaylin Lane",WAS,"WR137","7","-","-","2 out of 5 stars","-"
"384",11,"Joe Flacco",CIN,"QB42","6","-","-","3 out of 5 stars","-"
"385",11,"Tennessee Titans",TEN,"DST26","9","-","-","2 out of 5 stars","-"
"386",11,"Cincinnati Bengals",CIN,"DST27","6","-","-","4 out of 5 stars","-"
"387",11,"Zane Gonzalez",FA,"K22","-","-","-","-","-"
"388",11,"Luke Musgrave",GB,"TE54","11","-","-","2 out of 5 stars","-"
"389",11,"Tommy Tremble",CAR,"TE55","5","-","-","2 out of 5 stars","-"
"390",11,"John Metchie III",CAR,"WR138","5","-","-","2 out of 5 stars","-"
"391",11,"Jordan Whittington",LAR,"WR139","11","-","-","1 out of 5 stars","-"
"392",11,"Austin Hooper",ATL,"TE56","11","-","-","3 out of 5 stars","-"
"393",11,"Jam Miller",NE,"RB107","11","-","-","2 out of 5 stars","-"
"394",11,"J'Mari Taylor",JAC,"RB108","7","-","-","4 out of 5 stars","-"
"395",11,"Phil Mafah",DAL,"RB109","14","-","-","4 out of 5 stars","-"
"396",11,"Joe Milton III",DAL,"QB43","14","-","-","2 out of 5 stars","-"
"397",11,"Devontez Walker",BAL,"WR140","13","-","-","4 out of 5 stars","-"
"398",11,"Ben Sinnott",WAS,"TE57","7","-","-","1 out of 5 stars","-"
"399",11,"Mitchell Evans",CAR,"TE58","5","-","-","2 out of 5 stars","-"
"400",11,"Rasheen Ali",BAL,"RB110","13","-","-","3 out of 5 stars","-"
"401",11,"Barion Brown",NO,"WR141","8","-","-","3 out of 5 stars","-"
"402",11,"Nick Folk",ATL,"K23","11","-","-","0 out of 5 stars","-154"
"403",11,"Demarcus Robinson",SF,"WR142","8","-","-","2 out of 5 stars","-"
"404",11,"Nick Westbrook-Ikhine",IND,"WR143","13","-","-","4 out of 5 stars","-"
"405",11,"Miami Dolphins",MIA,"DST28","6","-","-","3 out of 5 stars","-"
"406",11,"Kyle Juszczyk",SF,"RB111","8","-","-","2 out of 5 stars","-"
"407",11,"Marcus Mariota",WAS,"QB44","7","-","-","2 out of 5 stars","-"
"408",11,"Jameis Winston",NYG,"QB45","8","-","-","4 out of 5 stars","-"
"409",11,"Tutu Atwell",LAR,"WR144","11","-","-","1 out of 5 stars","-"
"410",11,"Ashton Dulin",IND,"WR145","13","-","-","4 out of 5 stars","-"
"411",11,"Austin Ekeler",FA,"RB112","-","-","-","-","-159"
"412",11,"Cade Klubnik",NYJ,"QB46","13","-","-","4 out of 5 stars","-"
"413",11,"Greg Dortch",DET,"WR146","6","-","-","4 out of 5 stars","-"
"414",11,"Daniel Bellinger",TEN,"TE59","9","-","-","3 out of 5 stars","-"
"415",11,"Sione Vaki",DET,"RB113","6","-","-","5 out of 5 stars","-"
"416",12,"John Bates",WAS,"TE60","7","-","-","1 out of 5 stars","-"
"417",12,"Deion Burks",IND,"WR147","13","-","-","4 out of 5 stars","-"
"418",12,"Damien Martinez",GB,"RB114","11","-","-","4 out of 5 stars","-"
"419",12,"Dameon Pierce",PHI,"RB115","10","-","-","4 out of 5 stars","-"
"420",12,"Las Vegas Raiders",LV,"DST29","13","-","-","4 out of 5 stars","-"
"421",12,"Dyami Brown",WAS,"WR148","7","-","-","2 out of 5 stars","-"
"422",12,"Terrell Jennings",FA,"RB116","-","-","-","-","-"
"423",12,"Daniel Carlson",NO,"K24","8","-","-","5 out of 5 stars","-"
"424",12,"Marlin Klein",HOU,"TE61","8","-","-","4 out of 5 stars","-"
"425",12,"Elijah Higgins",ARI,"TE62","14","-","-","2 out of 5 stars","-"
"426",12,"Jackson Hawes",BUF,"TE63","7","-","-","3 out of 5 stars","-"
"427",12,"Tai Felton",MIN,"WR149","6","-","-","5 out of 5 stars","-"
"428",12,"Blake Grupe",IND,"K25","13","-","-","4 out of 5 stars","-"
"429",12,"Tyler Goodson",ATL,"RB117","11","-","-","2 out of 5 stars","-"
"430",12,"Zavier Scott",MIN,"RB118","6","-","-","4 out of 5 stars","-"
"431",12,"Chad Ryland",ARI,"K26","14","-","-","2 out of 5 stars","-"
"432",12,"Joey Slye",TEN,"K27","9","-","-","4 out of 5 stars","-"
"433",12,"Josh Oliver",MIN,"TE64","6","-","-","4 out of 5 stars","-"
"434",12,"Ryan Fitzgerald",CAR,"K28","5","-","-","0 out of 5 stars","-"
"435",12,"Will Kacmarek",MIA,"TE65","6","-","-","5 out of 5 stars","-"
"436",12,"Brandon McManus",FA,"K29","-","-","-","-","-"
"437",12,"Washington Commanders",WAS,"DST30","7","-","-","2 out of 5 stars","-"
"438",12,"Tanner Koziol",JAC,"TE66","7","-","-","3 out of 5 stars","-"
"439",12,"New York Jets",NYJ,"DST31","13","-","-","4 out of 5 stars","-"
"440",12,"Arizona Cardinals",ARI,"DST32","14","-","-","2 out of 5 stars","-"
"441",12,"Adam Trautman",DEN,"TE67","10","-","-","4 out of 5 stars","-"
"442",12,"Tim Patrick",NYJ,"WR150","13","-","-","4 out of 5 stars","-"
"443",12,"Odell Beckham Jr.",NYG,"WR151","8","-","-","4 out of 5 stars","-"
"444",12,"Robert Henry Jr.",WAS,"RB119","7","-","-","4 out of 5 stars","-"
"445",12,"Ben Sauls",NYG,"K30","8","-","-","2 out of 5 stars","-"
"446",12,"Jimmy Horn Jr.",CAR,"WR152","5","-","-","2 out of 5 stars","-"
"447",12,"Zach Ertz",FA,"TE68","-","-","-","-","-"
"448",12,"Tommy Myers",FA,"TE69","-","-","-","-","-"
"449",12,"Spencer Shrader",IND,"K31","13","-","-","4 out of 5 stars","-"
"450",12,"Ronnie Rivers",LAR,"RB120","11","-","-","5 out of 5 stars","-"
"451",12,"Hunter Luepke",DAL,"RB121","14","-","-","4 out of 5 stars","-"
"452",12,"Drew Stevens",WAS,"K32","7","-","-","5 out of 5 stars","-"
"453",12,"Marquez Valdes-Scantling",DAL,"WR153","14","-","-","2 out of 5 stars","-"
"454",12,"Jonnu Smith",GB,"TE70","11","-","-","2 out of 5 stars","-"
"455",12,"Dylan Laube",LV,"RB122","13","-","-","2 out of 5 stars","-"
"456",12,"Khalil Herbert",SF,"RB123","8","-","-","2 out of 5 stars","-"
"457",12,"Matt Hibner",BAL,"TE71","13","-","-","4 out of 5 stars","-"
"458",12,"Van Jefferson",WAS,"WR154","7","-","-","2 out of 5 stars","-"
"459",12,"Antonio Gibson",FA,"RB124","-","-","-","-","-138"
"460",12,"Isaiah Williams",FA,"WR155","-","-","-","-","-"
"461",12,"Foster Moreau",HOU,"TE72","8","-","-","4 out of 5 stars","-"
"462",12,"Mitch Tinsley",CIN,"WR156","6","-","-","4 out of 5 stars","-"
"463",12,"Luke Schoonmaker",DAL,"TE73","14","-","-","2 out of 5 stars","-"
"464",12,"Xavier Smith",LAR,"WR157","11","-","-","1 out of 5 stars","-"
"465",12,"Mo Alie-Cox",IND,"TE74","13","-","-","3 out of 5 stars","-"
"466",12,"Jahdae Walker",CHI,"WR158","10","-","-","3 out of 5 stars","-"
"467",12,"Drew Sample",CIN,"TE75","6","-","-","3 out of 5 stars","-139"
"468",12,"Nate Boerkircher",JAC,"TE76","7","-","-","3 out of 5 stars","-"
"469",12,"Tyrod Taylor",GB,"QB47","11","-","-","4 out of 5 stars","-"
"470",12,"Reggie Virgil",ARI,"WR159","14","-","-","2 out of 5 stars","-"
"471",12,"Jake Moody",FA,"K33","-","-","-","-","-"
"472",12,"Jason Sanders",NYJ,"K34","13","-","-","2 out of 5 stars","-"
"473",12,"Jeremy Ruckert",NYJ,"TE77","13","-","-","4 out of 5 stars","-"
"474",12,"Cade Stover",HOU,"TE78","8","-","-","4 out of 5 stars","-"
"475",12,"Jeremy McNichols",WAS,"RB125","7","-","-","4 out of 5 stars","-"
"476",12,"Durham Smythe",BAL,"TE79","13","-","-","4 out of 5 stars","-"
"477",12,"Lil'Jordan Humphrey",DEN,"WR160","10","-","-","2 out of 5 stars","-"
"478",12,"Roman Hemby",LV,"RB126","13","-","-","2 out of 5 stars","-"
"479",12,"Riley Leonard",IND,"QB48","13","-","-","4 out of 5 stars","-"
"480",12,"Jelani Woods",NYJ,"TE80","13","-","-","4 out of 5 stars","-149"
"481",12,"Brock Wright",DET,"TE81","6","-","-","3 out of 5 stars","-"
"482",12,"Tanner Hudson",CIN,"TE82","6","-","-","3 out of 5 stars","-143"
"483",12,"KeAndre Lambert-Smith",LAC,"WR161","7","-","-","2 out of 5 stars","-"
"484",12,"Justin Watson",HOU,"WR162","8","-","-","3 out of 5 stars","-"
"485",12,"Jacob Saylors",DET,"RB127","6","-","-","5 out of 5 stars","-"
"486",12,"Frank Gore Jr.",BUF,"RB128","7","-","-","2 out of 5 stars","-"
"487",12,"Nate Adkins",DEN,"TE83","10","-","-","4 out of 5 stars","-"
"488",12,"DeAndre Hopkins",BAL,"WR163","13","-","-","4 out of 5 stars","-"
"489",12,"Efton Chism III",NE,"WR164","11","-","-","2 out of 5 stars","-"
"490",12,"Alec Ingold",LAC,"RB129","7","-","-","3 out of 5 stars","-"
"491",12,"Brycen Tremayne",CAR,"WR165","5","-","-","2 out of 5 stars","-"
"492",12,"Josh Cameron",JAC,"WR166","7","-","-","4 out of 5 stars","-"
"493",12,"Jalen Brooks",ARI,"WR167","14","-","-","2 out of 5 stars","-"
"494",12,"Xavier Restrepo",TEN,"WR168","9","-","-","3 out of 5 stars","-"
"495",12,"Max Bredeson",MIN,"RB130","6","-","-","4 out of 5 stars","-"
"496",12,"Jaret Patterson",LAC,"RB131","7","-","-","3 out of 5 stars","-"
"497",12,"Patrick Ricard",NYG,"RB132","8","-","-","4 out of 5 stars","-"
"498",12,"Adam Prentice",DEN,"RB133","10","-","-","2 out of 5 stars","-"
"499",12,"Reggie Gilliam",NE,"RB134","11","-","-","2 out of 5 stars","-"
"500",12,"British Brooks",HOU,"RB135","8","-","-","4 out of 5 stars","-"
"501",12,"Lan Larison",NE,"RB136","11","-","-","2 out of 5 stars","-"
"502",12,"Chris Blair",ATL,"WR169","11","-","-","3 out of 5 stars","-"
"503",12,"Jake Browning",TB,"QB49","10","-","-","2 out of 5 stars","-"
"504",12,"Moliki Matavao",NO,"TE84","8","-","-","2 out of 5 stars","-"
"505",12,"Sam Roush",CHI,"TE85","10","-","-","2 out of 5 stars","-"
"506",12,"Elijah Moore",PHI,"WR170","10","-","-","4 out of 5 stars","-"
"507",12,"Josh Williams",TB,"RB137","10","-","-","2 out of 5 stars","-"
"508",12,"Quinn Ewers",MIA,"QB50","6","-","-","3 out of 5 stars","-"
"509",12,"Josh Cuevas",BAL,"TE86","13","-","-","4 out of 5 stars","-"
"510",12,"Jacob Cowing",SF,"WR171","8","-","-","2 out of 5 stars","-181"
"511",12,"Michael Burton",CLE,"RB138","11","-","-","3 out of 5 stars","-"
"512",12,"Nathan Carter",ATL,"RB139","11","-","-","2 out of 5 stars","-"
"513",12,"Kene Nwangwu",NYJ,"RB140","13","-","-","3 out of 5 stars","-"
"514",12,"Cedrick Wilson Jr.",FA,"WR172","-","-","-","-","-"
"515",12,"Gardner Minshew II",ARI,"QB51","14","-","-","2 out of 5 stars","-"
"516",13,"Davis Allen",LAR,"TE87","11","-","-","4 out of 5 stars","-"
"517",13,"Khalil Dinkins",SF,"TE88","8","-","-","3 out of 5 stars","-"
"518",13,"David Sills V",TB,"WR173","10","-","-","4 out of 5 stars","-"
"519",13,"Theo Wease Jr.",MIA,"WR174","6","-","-","3 out of 5 stars","-"
"520",13,"Myles Price",MIN,"WR175","6","-","-","5 out of 5 stars","-"
"521",13,"Lew Nichols III",PIT,"RB141","9","-","-","2 out of 5 stars","-"
"522",13,"Luke Farrell",SF,"TE89","8","-","-","3 out of 5 stars","-"
"523",13,"Tyler Lockett",LV,"WR176","13","-","-","2 out of 5 stars","-"
"524",13,"Scotty Miller",CHI,"WR177","10","-","-","3 out of 5 stars","-"
"525",13,"Payne Durham",TB,"TE90","10","-","-","2 out of 5 stars","-"
"526",13,"Derius Davis",LAC,"WR178","7","-","-","2 out of 5 stars","-"
"527",13,"Ben Sims",MIA,"TE91","6","-","-","5 out of 5 stars","-"
"528",13,"Noah Whittington",HOU,"RB142","8","-","-","4 out of 5 stars","-"
"529",13,"Velus Jones Jr.",SEA,"WR179","11","-","-","3 out of 5 stars","-"
"530",13,"Ty Chandler",NO,"RB143","8","-","-","3 out of 5 stars","-"
"531",13,"Blake Whiteheart",CLE,"TE92","11","-","-","3 out of 5 stars","-206"
"532",13,"Jalen Reagor",MIA,"WR180","6","-","-","3 out of 5 stars","-"
"533",13,"Josh Whyle",GB,"TE93","11","-","-","2 out of 5 stars","-"
"534",13,"Brevyn Spann-Ford",DAL,"TE94","14","-","-","2 out of 5 stars","-"
"535",13,"Michael Woods II",DEN,"WR181","10","-","-","2 out of 5 stars","-"
"536",13,"Cash Jones",ATL,"RB144","11","-","-","2 out of 5 stars","-"
"537",13,"Travis Homer",PIT,"RB145","9","-","-","2 out of 5 stars","-"
"538",13,"Julian Hill",NE,"TE95","11","-","-","4 out of 5 stars","-"
"539",13,"Kevin Austin Jr.",NO,"WR182","8","-","-","3 out of 5 stars","-"
"540",13,"Jaydn Ott",KC,"RB146","5","-","-","3 out of 5 stars","-"
"541",13,"Jared Wayne",HOU,"WR183","8","-","-","3 out of 5 stars","-"
"542",13,"Mason Tipton",NO,"WR184","8","-","-","3 out of 5 stars","-"
"543",13,"Sincere McCormick",SF,"RB147","8","-","-","2 out of 5 stars","-"
"544",13,"Tyrell Shavers",BUF,"WR185","7","-","-","4 out of 5 stars","-"
"545",13,"Miles Davis",CAR,"RB148","5","-","-","1 out of 5 stars","-"
"546",13,"Jake Bobo",SEA,"WR186","11","-","-","3 out of 5 stars","-"
"547",13,"Kaden Wetjen",PIT,"WR187","9","-","-","3 out of 5 stars","-"
"548",13,"Jeshaun Jones",MIN,"WR188","6","-","-","5 out of 5 stars","-"
"549",13,"Casey Washington",CAR,"WR189","5","-","-","2 out of 5 stars","-"
"550",13,"Kameron Johnson",TB,"WR190","10","-","-","4 out of 5 stars","-"
"551",13,"Tyler Badie",DEN,"RB149","10","-","-","2 out of 5 stars","-"
"552",13,"Michael Bandy",DEN,"WR191","10","-","-","2 out of 5 stars","-"
"553",13,"Mecole Hardman Jr.",BUF,"WR192","7","-","-","4 out of 5 stars","-266"
"554",13,"Quentin Skinner",BUF,"WR193","7","-","-","4 out of 5 stars","-"
"555",13,"Ahmani Marshall",CLE,"RB150","11","-","-","3 out of 5 stars","-"
"556",13,"Arian Smith",NYJ,"WR194","13","-","-","4 out of 5 stars","-"
"557",13,"Jonathan Mingo",DAL,"WR195","14","-","-","2 out of 5 stars","-"
"558",13,"Jordan Watkins",SF,"WR196","8","-","-","2 out of 5 stars","-"
"559",13,"Ben Skowronek",PIT,"WR197","9","-","-","3 out of 5 stars","-"
"560",13,"Skyy Moore",GB,"WR198","11","-","-","5 out of 5 stars","-"
"561",13,"Bo Melton",GB,"WR199","11","-","-","5 out of 5 stars","-"
"562",13,"Malachi Corley",CLE,"WR200","11","-","-","3 out of 5 stars","-"
"563",13,"Anthony Gould",IND,"WR201","13","-","-","4 out of 5 stars","-"
"564",13,"Darius Cooper",PHI,"WR202","10","-","-","4 out of 5 stars","-"
"565",13,"Jakobie Keeney-James",PIT,"WR203","9","-","-","3 out of 5 stars","-"
"566",13,"Coleman Owen",IND,"WR204","13","-","-","4 out of 5 stars","-"
"567",13,"Isaiah Williams",NYJ,"WR205","13","-","-","4 out of 5 stars","-"
"568",13,"Anderson Castle",IND,"RB151","13","-","-","4 out of 5 stars","-"
"569",13,"David Moore",CAR,"WR206","5","-","-","2 out of 5 stars","-"
"570",13,"Maurice Alexander",CHI,"WR207","10","-","-","3 out of 5 stars","-"
"571",13,"Cody White",SEA,"WR208","11","-","-","3 out of 5 stars","-"
"572",13,"Nikko Remigio",KC,"WR209","5","-","-","2 out of 5 stars","-"
"573",13,"Devin Duvernay",ARI,"WR210","14","-","-","2 out of 5 stars","-"
"574",13,"Eric Gray",NYG,"RB152","8","-","-","4 out of 5 stars","-"
"575",13,"Pierre Strong Jr.",GB,"RB153","11","-","-","4 out of 5 stars","-"
"576",13,"Dareke Young",LV,"WR211","13","-","-","2 out of 5 stars","-"
"577",13,"Gage Larvadain",CLE,"WR212","11","-","-","3 out of 5 stars","-"
"578",13,"Drake Dabney",GB,"TE96","11","-","-","2 out of 5 stars","-"
"579",13,"Miles Kitselman",FA,"TE97","-","-","-","-","-"
"580",13,"Miles Sanders",FA,"RB154","-","-","-","-","-"
"581",13,"Britain Covey",PHI,"WR213","10","-","-","4 out of 5 stars","-"
"582",13,"Tyler Conklin",DET,"TE98","6","-","-","3 out of 5 stars","-"
"583",13,"DeeJay Dallas",JAC,"RB155","7","-","-","4 out of 5 stars","-"
"584",13,"Jaheim Bell",PIT,"TE99","9","-","-","2 out of 5 stars","-"
"585",13,"Michael Trigg",DAL,"TE100","14","-","-","2 out of 5 stars","-"
"586",13,"Ke'Shawn Williams",CIN,"WR214","6","-","-","4 out of 5 stars","-"
"587",13,"Jack Endries",CIN,"TE101","6","-","-","3 out of 5 stars","-"
"588",13,"Jalen Milroe",SEA,"QB52","11","-","-","4 out of 5 stars","-"
"589",13,"Albert Okwuegbunam Jr.",LV,"TE102","13","-","-","3 out of 5 stars","-"
"590",13,"Spencer Rattler",NO,"QB53","8","-","-","3 out of 5 stars","-"
"591",13,"Davis Mills",HOU,"QB54","8","-","-","4 out of 5 stars","-"
"592",13,"Alexander Mattison",FA,"RB156","-","-","-","-","-274"
"593",13,"Ulysses Bentley IV",IND,"RB157","13","-","-","4 out of 5 stars","-"
"594",13,"Drew Allar",PIT,"QB55","9","-","-","2 out of 5 stars","-"
"595",13,"Mason Kinsey",TEN,"WR215","9","-","-","3 out of 5 stars","-"
"596",13,"Charlie Jones",CIN,"WR216","6","-","-","4 out of 5 stars","-"
"597",13,"Myles Montgomery",FA,"RB158","-","-","-","-","-"
"598",13,"Elijah Tau-Tolliver",BAL,"RB159","13","-","-","3 out of 5 stars","-"
"599",13,"Dohnte Meyers",CIN,"WR217","6","-","-","4 out of 5 stars","-"
"600",13,"Trey Lance",LAC,"QB56","7","-","-","2 out of 5 stars","-"
"601",13,"Andre Szmyt",CLE,"K35","11","-","-","5 out of 5 stars","-"
"602",13,"Joe Royer",CLE,"TE103","11","-","-","3 out of 5 stars","-"
"603",13,"Kalel Mullings",TEN,"RB160","9","-","-","3 out of 5 stars","-"
"604",13,"Tyson Bagent",CHI,"QB57","10","-","-","3 out of 5 stars","-"
"605",13,"Seydou Traore",MIA,"TE104","6","-","-","5 out of 5 stars","-"
"606",13,"Mason Rudolph",PIT,"QB58","9","-","-","2 out of 5 stars","-"
"607",13,"Bauer Sharp",TB,"TE105","10","-","-","2 out of 5 stars","-"
"608",13,"Grant Calcaterra",PHI,"TE106","10","-","-","4 out of 5 stars","-"
"609",13,"JaMycal Hasty",NE,"RB161","11","-","-","2 out of 5 stars","-"
"610",13,"Stone Smartt",PHI,"TE107","10","-","-","4 out of 5 stars","-"
"611",13,"Charlie Woerner",ATL,"TE108","11","-","-","3 out of 5 stars","-"
"612",13,"Eric Saubert",SEA,"TE109","11","-","-","3 out of 5 stars","-"
"613",13,"Dominic Zvada",NYG,"K36","8","-","-","2 out of 5 stars","-"
"614",13,"Tip Reiman",ARI,"TE110","14","-","-","2 out of 5 stars","-"
"615",13,"Craig Reynolds",WAS,"RB162","7","-","-","4 out of 5 stars","-"
"616",13,"Joel Wilson",TEN,"TE111","9","-","-","3 out of 5 stars","-"
"617",13,"Corey Kiner",ARI,"RB163","14","-","-","2 out of 5 stars","-"
"618",13,"Isaiah Hodgins",NYG,"WR218","8","-","-","4 out of 5 stars","-"
"619",13,"Brevin Jordan",HOU,"TE112","8","-","-","4 out of 5 stars","-"
"620",13,"Jared Wiley",KC,"TE113","5","-","-","4 out of 5 stars","-"
"621",13,"Drew Ogletree",IND,"TE114","13","-","-","3 out of 5 stars","-"
"622",13,"Carsen Ryan",CLE,"TE115","11","-","-","3 out of 5 stars","-"
"623",13,"Donovan Edwards",MIA,"RB164","6","-","-","3 out of 5 stars","-"
"624",13,"Jake Briningstool",KC,"TE116","5","-","-","4 out of 5 stars","-292"
"625",13,"Joshua Simon",ATL,"TE117","11","-","-","3 out of 5 stars","-"
"626",13,"Ty Pezza",BAL,"TE118","13","-","-","4 out of 5 stars","-"
"627",13,"Kylen Granson",TEN,"TE119","9","-","-","3 out of 5 stars","-"
"628",13,"Gavin Bartholomew",MIN,"TE120","6","-","-","4 out of 5 stars","-"
"629",13,"Teagan Quitoriano",ARI,"TE121","14","-","-","2 out of 5 stars","-"
"630",13,"Ben Yurosek",MIN,"TE122","6","-","-","4 out of 5 stars","-"
"631",14,"Kendrick Law",DET,"WR219","6","-","-","4 out of 5 stars","-"
"632",14,"Ian Thomas",LV,"TE123","13","-","-","3 out of 5 stars","-299"
"633",14,"JuJu Smith-Schuster",FA,"WR220","-","-","-","-","-"
"634",14,"Jack Stoll",CLE,"TE124","11","-","-","3 out of 5 stars","-"
"635",14,"Devin Culp",TB,"TE125","10","-","-","2 out of 5 stars","-"
"636",14,"Tahj Washington",PHI,"WR221","10","-","-","4 out of 5 stars","-"
"637",14,"Montorie Foster Jr.",SEA,"WR222","11","-","-","3 out of 5 stars","-"
"638",14,"Jermar Jefferson",MIN,"RB165","6","-","-","4 out of 5 stars","-"
"639",14,"Will Mallory",IND,"TE126","13","-","-","3 out of 5 stars","-"
"640",14,"Bub Means",NO,"WR223","8","-","-","3 out of 5 stars","-"
"641",14,"Michael Wortham",JAC,"WR224","7","-","-","4 out of 5 stars","-"
"642",14,"Jack Velling",ATL,"TE127","11","-","-","3 out of 5 stars","-"
"643",14,"Michael Briscoe",MIN,"WR225","6","-","-","5 out of 5 stars","-"
"644",14,"Kendric Pryor",CIN,"WR226","6","-","-","4 out of 5 stars","-"
"645",14,"Bryson Nesbit",MIN,"TE128","6","-","-","4 out of 5 stars","-"
"646",14,"J. Michael Sturdivant",GB,"WR227","11","-","-","5 out of 5 stars","-"
"647",14,"Ameer Abdullah",JAC,"RB166","7","-","-","4 out of 5 stars","-"
"648",14,"Cole Turner",MIA,"TE129","6","-","-","5 out of 5 stars","-"
"649",14,"K.J. Osborn",TEN,"WR228","9","-","-","3 out of 5 stars","-"
"650",14,"Dominic Lovett",DET,"WR229","6","-","-","4 out of 5 stars","-"
"651",14,"Cooper Rush",ATL,"QB59","11","-","-","4 out of 5 stars","-"
"652",14,"Lucas Krull",DEN,"TE130","10","-","-","4 out of 5 stars","-"
"653",14,"Tyler Johnson",DAL,"WR230","14","-","-","2 out of 5 stars","-"
"654",14,"Brayden Willis",SF,"TE131","8","-","-","3 out of 5 stars","-"
"655",14,"Tanner Conner",NYG,"TE132","8","-","-","3 out of 5 stars","-"
"656",14,"Ray-Ray McCloud III",CHI,"WR231","10","-","-","3 out of 5 stars","-"
"657",14,"Colson Yankoff",WAS,"TE133","7","-","-","1 out of 5 stars","-"
"658",14,"Johnny Mundt",PHI,"TE134","10","-","-","4 out of 5 stars","-"
"659",14,"Terrace Marshall Jr.",MIA,"WR232","6","-","-","3 out of 5 stars","-"
"660",14,"Ronnie Bell",NO,"WR233","8","-","-","3 out of 5 stars","-"
"661",14,"Jabari Small",DET,"RB167","6","-","-","5 out of 5 stars","-"
"662",14,"Tyler Scott",LAR,"WR234","11","-","-","1 out of 5 stars","-"
"663",14,"Chris Manhertz",NYG,"TE135","8","-","-","3 out of 5 stars","-"
"664",14,"Hassan Haskins",NE,"RB168","11","-","-","2 out of 5 stars","-"
"665",14,"Hunter Long",JAC,"TE136","7","-","-","3 out of 5 stars","-"
"666",14,"Noah Brown",FA,"WR235","-","-","-","-","-403"
"667",14,"Brenden Bates",FA,"TE137","-","-","-","-","-"
"668",14,"Quintin Morris",JAC,"TE138","7","-","-","3 out of 5 stars","-"
"669",14,"David Martin-Robinson",TEN,"TE139","9","-","-","3 out of 5 stars","-"
"670",14,"Hayden Rucci",SF,"TE140","8","-","-","3 out of 5 stars","-"
"671",14,"Riley Patterson",MIA,"K37","6","-","-","2 out of 5 stars","-"
"672",14,"Rivaldo Fairweather",ARI,"TE141","14","-","-","2 out of 5 stars","-"
"673",14,"Kansei Matsuzawa",LV,"K38","13","-","-","1 out of 5 stars","-"
"674",14,"Ko Kieft",TB,"TE142","10","-","-","2 out of 5 stars","-"
"675",14,"CJ Dippre",NE,"TE143","11","-","-","4 out of 5 stars","-"
"676",14,"Jamal Haynes",CIN,"RB169","6","-","-","2 out of 5 stars","-"
"677",14,"Jack Westover",NE,"TE144","11","-","-","4 out of 5 stars","-"
"678",14,"Tanner Brown",NO,"K39","8","-","-","5 out of 5 stars","-"
"679",14,"Cameron Latu",PHI,"TE145","10","-","-","4 out of 5 stars","-"
"680",14,"Princeton Fant",DAL,"TE146","14","-","-","2 out of 5 stars","-"
"681",14,"Dean Connors",LAR,"RB170","11","-","-","5 out of 5 stars","-"
"682",14,"Curtis Samuel",FA,"WR236","-","-","-","-","-"
"683",14,"Dalevon Campbell",LAC,"WR237","7","-","-","2 out of 5 stars","-"
"684",14,"Zach Horton",DET,"TE147","6","-","-","3 out of 5 stars","-"
"685",14,"Tanner Arkin",NE,"TE148","11","-","-","4 out of 5 stars","-"
"686",14,"Lance Mason",PIT,"TE149","9","-","-","2 out of 5 stars","-"
"687",14,"Xavier Weaver",ARI,"WR238","14","-","-","2 out of 5 stars","-"
"688",14,"Dante Pettis",BUF,"WR239","7","-","-","4 out of 5 stars","-"
"689",14,"Joshua Cephus",FA,"WR240","-","-","-","-","-"
"690",14,"Deontay Burnett",FA,"WR241","-","-","-","-","-"
"691",14,"Shedrick Jackson",LV,"WR242","13","-","-","2 out of 5 stars","-"
"692",14,"Kenny Fletcher Jr.",TB,"TE150","10","-","-","2 out of 5 stars","-"
"693",14,"James Mitchell",CAR,"TE151","5","-","-","2 out of 5 stars","-"
"694",14,"Lake McRee",PIT,"TE152","9","-","-","2 out of 5 stars","-"
"695",14,"Deven Thompkins",LV,"WR243","13","-","-","2 out of 5 stars","-"
"696",14,"John Michael Gyllenborg",KC,"TE153","5","-","-","4 out of 5 stars","-"
"697",14,"B.T. Potter",TB,"K40","10","-","-","3 out of 5 stars","-"
"698",14,"E.J. Jenkins",PHI,"TE154","10","-","-","4 out of 5 stars","-"
"699",14,"Chase Curtis",NYJ,"TE155","13","-","-","4 out of 5 stars","-"
"700",14,"Chris Moore",BAL,"WR244","13","-","-","4 out of 5 stars","-"
"701",14,"DJ Rogers",DAL,"TE156","14","-","-","2 out of 5 stars","-"
"702",14,"Tylan Wallace",CLE,"WR245","11","-","-","3 out of 5 stars","-"
"703",14,"Dylan Drummond",ATL,"WR246","11","-","-","3 out of 5 stars","-"
"704",14,"Kentrel Bullock",CIN,"RB171","6","-","-","2 out of 5 stars","-"
"705",14,"Nick Kallerup",SEA,"TE157","11","-","-","3 out of 5 stars","-"
"706",14,"Tay Martin",DET,"WR247","6","-","-","4 out of 5 stars","-"
"707",14,"Dontae McMillan",BAL,"RB172","13","-","-","3 out of 5 stars","-"
"708",14,"Quentin Moore",WAS,"TE158","7","-","-","1 out of 5 stars","-"
"709",14,"Braxton Berrios",NYG,"WR248","8","-","-","4 out of 5 stars","-"
"710",14,"Cam Grandy",CIN,"TE159","6","-","-","3 out of 5 stars","-"
"711",14,"Sterling Shepard",HOU,"WR249","8","-","-","3 out of 5 stars","-"
"712",14,"Tom Kennedy",DET,"WR250","6","-","-","4 out of 5 stars","-"
"713",14,"Zay Jones",HOU,"WR251","8","-","-","3 out of 5 stars","-"
"714",14,"Gunner Olszewski",NYG,"WR252","8","-","-","4 out of 5 stars","-"
"715",14,"Patrick Herbert",JAC,"TE160","7","-","-","3 out of 5 stars","-"
"716",14,"Shane Zylstra",BUF,"TE161","7","-","-","3 out of 5 stars","-"
"717",14,"AJ Dillon",CAR,"RB173","5","-","-","1 out of 5 stars","-"
"718",14,"Taysom Hill",FA,"TE162","-","-","-","-","-"
"719",14,"Zaire Mitchell-Paden",NO,"TE163","8","-","-","2 out of 5 stars","-"
"720",14,"LaJohntay Wester",BAL,"WR253","13","-","-","4 out of 5 stars","-"
"721",14,"Jalin Hyatt",NYG,"WR254","8","-","-","4 out of 5 stars","-"
"722",14,"Messiah Swinson",GB,"TE164","11","-","-","2 out of 5 stars","-"
"723",14,"KhaDarel Hodge",SF,"WR255","8","-","-","2 out of 5 stars","-"
"724",14,"Carter Runyon",LV,"TE165","13","-","-","3 out of 5 stars","-"
"725",14,"Brittain Brown",CHI,"RB174","10","-","-","2 out of 5 stars","-"
"726",14,"Treyton Welch",NO,"TE166","8","-","-","2 out of 5 stars","-"
"727",14,"Jamari Thrash",CLE,"WR256","11","-","-","3 out of 5 stars","-"
"728",14,"Thomas Gordon",DET,"TE167","6","-","-","3 out of 5 stars","-"
"729",14,"Keleki Latu",BUF,"TE168","7","-","-","3 out of 5 stars","-"
"730",14,"Ryan Miller",MIA,"WR257","6","-","-","3 out of 5 stars","-"
"731",14,"Chip Trayanum",NYJ,"RB175","13","-","-","3 out of 5 stars","-"
"732",14,"Gary Brightwell",CIN,"RB176","6","-","-","2 out of 5 stars","-"
"733",14,"Samori Toure",PHI,"WR258","10","-","-","4 out of 5 stars","-"
"734",14,"Austin Trammell",JAC,"WR259","7","-","-","4 out of 5 stars","-"
"735",14,"Bryce Oliver",TEN,"WR260","9","-","-","3 out of 5 stars","-"
"736",14,"Thomas Fidone II",NYG,"TE169","8","-","-","3 out of 5 stars","-"
"737",14,"Carson Towt",IND,"TE170","13","-","-","3 out of 5 stars","-"
"738",14,"Simi Fehoko",ARI,"WR261","14","-","-","2 out of 5 stars","-"
"739",14,"Evan Svoboda",LAC,"TE171","7","-","-","4 out of 5 stars","-"
"740",14,"CJ Donaldson",NO,"RB177","8","-","-","3 out of 5 stars","-"
"741",14,"Cody Hardy",NO,"TE172","8","-","-","2 out of 5 stars","-"
"742",14,"Patrick Gurd",LV,"TE173","13","-","-","3 out of 5 stars","-"
"743",14,"Jordan Waters",LAR,"RB178","11","-","-","5 out of 5 stars","-"
"744",14,"Dallen Bentley",DEN,"TE174","10","-","-","4 out of 5 stars","-"
"745",14,"Xavier Gipson",NYG,"WR262","8","-","-","4 out of 5 stars","-"
"746",14,"Jason Brownlee",KC,"WR263","5","-","-","2 out of 5 stars","-"
"747",14,"Patrick Taylor Jr.",SF,"RB179","8","-","-","2 out of 5 stars","-"
"748",14,"Jameson Geers",ARI,"TE175","14","-","-","2 out of 5 stars","-"
"749",14,"Alex Bachman",LAR,"WR264","11","-","-","1 out of 5 stars","-"
"750",14,"Johnny Pascuzzi",LAC,"TE176","7","-","-","4 out of 5 stars","-"
"751",14,"Jarrett Stidham",DEN,"QB60","10","-","-","3 out of 5 stars","-"
"752",14,"Tyler Huntley",BAL,"QB61","13","-","-","3 out of 5 stars","-"
"753",14,"Tim Jones",JAC,"WR265","7","-","-","4 out of 5 stars","-"
"754",14,"Trent Sherfield Sr.",BUF,"WR266","7","-","-","4 out of 5 stars","-"
"755",14,"Layne Pryor",HOU,"TE177","8","-","-","4 out of 5 stars","-"
"756",14,"Jimmy Holiday",KC,"WR267","5","-","-","2 out of 5 stars","-"
"757",14,"Tommy DeVito",NE,"QB62","11","-","-","2 out of 5 stars","-"
"758",14,"Hayden Large",CHI,"TE178","10","-","-","2 out of 5 stars","-"
"759",14,"Taylen Green",CLE,"QB63","11","-","-","4 out of 5 stars","-"
"760",14,"Jaren Kanak",TEN,"TE179","9","-","-","3 out of 5 stars","-"
"761",14,"Cody Schrader",DEN,"RB180","10","-","-","2 out of 5 stars","-"
"762",14,"Ethan Conner",MIA,"TE180","6","-","-","5 out of 5 stars","-"
"763",14,"Will Howard",PIT,"QB64","9","-","-","2 out of 5 stars","-"
"764",14,"Mitchell Trubisky",TEN,"QB65","9","-","-","3 out of 5 stars","-"
"765",14,"Garrett Nussmeier",KC,"QB66","5","-","-","2 out of 5 stars","-"
"766",14,"Sean McKeon",IND,"TE181","13","-","-","3 out of 5 stars","-"
"767",14,"Sam Howell",DAL,"QB67","14","-","-","2 out of 5 stars","-"
"768",14,"Andy Dalton",PHI,"QB68","10","-","-","5 out of 5 stars","-"
"769",14,"Kenny McIntosh",FA,"RB181","-","-","-","-","-"
"770",14,"Zamir White",NO,"RB182","8","-","-","3 out of 5 stars","-"
"771",14,"Tejhaun Palmer",NE,"WR268","11","-","-","2 out of 5 stars","-"
"772",14,"Will Levis",TEN,"QB69","9","-","-","3 out of 5 stars","-"
"773",14,"Kenny Pickett",CAR,"QB70","5","-","-","2 out of 5 stars","-"
"774",14,"Drew Lock",SEA,"QB71","11","-","-","4 out of 5 stars","-"
"775",14,"Davon Booth",CLE,"RB183","11","-","-","3 out of 5 stars","-"
"776",14,"Tanner McKee",PHI,"QB72","10","-","-","5 out of 5 stars","-"
"777",14,"Beaux Collins",ATL,"WR269","11","-","-","3 out of 5 stars","-"
"778",14,"Jaden Nixon",GB,"RB184","11","-","-","4 out of 5 stars","-"
"779",14,"Dillon Gabriel",CLE,"QB73","11","-","-","4 out of 5 stars","-"
"780",14,"Mario Williams",FA,"WR270","-","-","-","-","-"
"781",14,"Dalen Cambre",NYG,"WR271","8","-","-","4 out of 5 stars","-"
"782",15,"Kyle Allen",BUF,"QB74","7","-","-","3 out of 5 stars","-"
"783",15,"Behren Morton",NE,"QB75","11","-","-","2 out of 5 stars","-"
"784",15,"Carson Wentz",MIN,"QB76","6","-","-","5 out of 5 stars","-"
"785",15,"Malik Turner",SF,"WR272","8","-","-","2 out of 5 stars","-"
"786",15,"Luke Altmyer",DET,"QB77","6","-","-","5 out of 5 stars","-"
"787",15,"Kurtis Rourke",SF,"QB78","8","-","-","1 out of 5 stars","-"
"788",15,"Sam Ehlinger",DEN,"QB79","10","-","-","3 out of 5 stars","-"
"789",15,"Tre Watson",KC,"TE182","5","-","-","4 out of 5 stars","-"
"790",15,"Joshua Dobbs",DET,"QB80","6","-","-","5 out of 5 stars","-"
"791",15,"Raheem Mostert",LV,"RB185","13","-","-","2 out of 5 stars","-"
"792",15,"Athan Kaliakmanis",WAS,"QB81","7","-","-","2 out of 5 stars","-"
"793",15,"Stetson Bennett IV",LAR,"QB82","11","-","-","3 out of 5 stars","-"
"794",15,"Julius Chestnut",TEN,"RB186","9","-","-","3 out of 5 stars","-"
"795",15,"Nick Mullens",JAC,"QB83","7","-","-","4 out of 5 stars","-"
"796",15,"Brady Cook",NYJ,"QB84","13","-","-","4 out of 5 stars","-"
"797",15,"RJ Maryland",GB,"TE183","11","-","-","2 out of 5 stars","-"
"798",15,"Jack Strand",ATL,"QB85","11","-","-","4 out of 5 stars","-"
"799",15,"Josh Johnson",CIN,"QB86","6","-","-","3 out of 5 stars","-"
"800",15,"Carson Steele",PHI,"RB187","10","-","-","4 out of 5 stars","-"
"801",15,"Nikola Kalinic",CHI,"TE184","10","-","-","2 out of 5 stars","-"
"802",15,"Aidan O'Connell",LV,"QB87","13","-","-","1 out of 5 stars","-"
"803",15,"Zach Wilson",NO,"QB88","8","-","-","3 out of 5 stars","-"
"804",15,"Raheem Blackshear",FA,"RB188","-","-","-","-","-"
"805",15,"DJ Uiagalelei",LAC,"QB89","7","-","-","2 out of 5 stars","-"
"806",15,"EJ Smith",KC,"RB189","5","-","-","3 out of 5 stars","-"
"807",15,"Kyle McCord",GB,"QB90","11","-","-","4 out of 5 stars","-"
"808",15,"Cam Akers",FA,"RB190","-","-","-","-","-"
"809",15,"Salvon Ahmed",CHI,"RB191","10","-","-","2 out of 5 stars","-"
"810",15,"Haynes King",CAR,"QB91","5","-","-","2 out of 5 stars","-"
"811",15,"Brandon Allen",NYG,"QB92","8","-","-","4 out of 5 stars","-"
"812",15,"Sam Hartman",WAS,"QB93","7","-","-","2 out of 5 stars","-"
"813",15,"Shane Buechele",BUF,"QB94","7","-","-","3 out of 5 stars","-"
"814",15,"Cam Miller",MIA,"QB95","6","-","-","3 out of 5 stars","-"
"815",15,"Anthony Hankerson",FA,"RB192","-","-","-","-","-"
"816",15,"Case Keenum",CHI,"QB96","10","-","-","3 out of 5 stars","-"
"817",15,"Jalon Daniels",TB,"QB97","10","-","-","2 out of 5 stars","-"
"818",15,"Jacardia Wright",SEA,"RB193","11","-","-","4 out of 5 stars","-"
"819",15,"Evan Hull",ARI,"RB194","14","-","-","2 out of 5 stars","-"
"820",15,"Israel Abanikanda",DAL,"RB195","14","-","-","4 out of 5 stars","-"
"821",15,"Coleman Bennett",MIA,"RB196","6","-","-","3 out of 5 stars","-"
"822",15,"Josiah Deguara",NYG,"TE185","8","-","-","3 out of 5 stars","-"
"823",15,"Kendall Milton",CIN,"RB197","6","-","-","2 out of 5 stars","-"
"824",15,"Andrew Beck",NYJ,"TE186","13","-","-","4 out of 5 stars","-"
"825",15,"Dante Miller",FA,"RB198","-","-","-","-","-"
"826",15,"Owen Wright",HOU,"RB199","8","-","-","4 out of 5 stars","-"
"827",15,"Pharaoh Brown",IND,"TE187","13","-","-","3 out of 5 stars","-"
"828",15,"Damon Bankston",NYG,"RB200","8","-","-","4 out of 5 stars","-"
"829",15,"Chris Myarick",LV,"TE188","13","-","-","3 out of 5 stars","-"
"830",15,"Vinny Anthony II",ATL,"WR273","11","-","-","3 out of 5 stars","-"
"831",15,"Ricky White III",SEA,"WR274","11","-","-","3 out of 5 stars","-"
"832",15,"Chris Collier",LV,"RB201","13","-","-","2 out of 5 stars","-"
"833",15,"Dominic Richardson",NYJ,"RB202","13","-","-","3 out of 5 stars","-"
"834",15,"JJ Galbreath",IND,"TE189","13","-","-","3 out of 5 stars","-"
"835",15,"Connor Heyward",LV,"TE190","13","-","-","3 out of 5 stars","-"
"836",15,"Stephen Carlson",CHI,"TE191","10","-","-","2 out of 5 stars","-"
"837",15,"Terion Stewart",KC,"RB203","5","-","-","3 out of 5 stars","-"
"838",15,"Mark Redman",LAR,"TE192","11","-","-","4 out of 5 stars","-"
"839",15,"Dan Villari",LAR,"TE193","11","-","-","4 out of 5 stars","-"
"840",15,"Gus Edwards",FA,"RB204","-","-","-","-","-"
"841",15,"Desmond Reid",FA,"RB205","-","-","-","-","-"
"842",15,"Rohan Jones",LAR,"TE194","11","-","-","4 out of 5 stars","-"
"843",15,"Josh Kattus",CIN,"TE195","6","-","-","3 out of 5 stars","-"
"844",15,"Amar Johnson",LAC,"RB206","7","-","-","3 out of 5 stars","-"
"845",15,"Zack Moss",FA,"RB207","-","-","-","-","-"
"846",15,"Jeff Caldwell",KC,"WR275","5","-","-","2 out of 5 stars","-"
"847",15,"Jeff Wilson Jr.",FA,"RB208","-","-","-","-","-"
"848",15,"Royce Freeman",FA,"RB209","-","-","-","-","-"
"849",15,"Nick Vannett",SEA,"TE196","11","-","-","3 out of 5 stars","-"
"850",15,"Trayveon Williams",DET,"RB210","6","-","-","5 out of 5 stars","-"
"851",15,"D'Onta Foreman",FA,"RB211","-","-","-","-","-"
"852",15,"Dare Ogunbowale",LV,"RB212","13","-","-","2 out of 5 stars","-"
"853",15,"Carlos Washington Jr.",MIA,"RB213","6","-","-","3 out of 5 stars","-"
"854",15,"Laquon Treadwell",IND,"WR276","13","-","-","4 out of 5 stars","-"
"855",15,"Gregory Desrosiers",LAC,"RB214","7","-","-","3 out of 5 stars","-"
"856",15,"Clyde Edwards-Helaire",FA,"RB215","-","-","-","-","-"
"857",15,"Caleb Lohner",DEN,"TE197","10","-","-","4 out of 5 stars","-"
"858",15,"Myles Gaskin",FA,"RB216","-","-","-","-","-"
"859",15,"Jashaun Corbin",DAL,"RB217","14","-","-","4 out of 5 stars","-"
"860",15,"Darrynton Evans",FA,"RB218","-","-","-","-","-"
"861",15,"Tyrion Davis-Price",FA,"RB219","-","-","-","-","-"
"862",15,"Emmanuel Henderson Jr.",SEA,"WR277","11","-","-","3 out of 5 stars","-"
"863",15,"Camden Brown",DAL,"WR278","14","-","-","2 out of 5 stars","-"
"864",15,"D'Ernest Johnson",TEN,"RB220","9","-","-","3 out of 5 stars","-"
"865",16,"Eli Pancol",IND,"WR279","13","-","-","4 out of 5 stars","-"
"866",16,"Lucas Scott",BAL,"RB221","13","-","-","3 out of 5 stars","-"
"867",16,"Andrew Armstrong",KC,"WR280","5","-","-","2 out of 5 stars","-"
"868",16,"Isaiah Neyor",GB,"WR281","11","-","-","5 out of 5 stars","-"
"869",16,"Sederrick Cunningham",FA,"WR282","-","-","-","-","-"
"870",16,"Raylen Sharpe",IND,"WR283","13","-","-","4 out of 5 stars","-"
"871",16,"Brandon Smith",PIT,"WR284","9","-","-","3 out of 5 stars","-"
"872",16,"Jacob De Jesus",KC,"WR285","5","-","-","2 out of 5 stars","-"
"873",16,"Omari Kelly",CHI,"WR286","10","-","-","3 out of 5 stars","-"
"874",16,"Sahmir Hagans",IND,"WR287","13","-","-","4 out of 5 stars","-"
"875",16,"Anthony Smith",DAL,"WR288","14","-","-","2 out of 5 stars","-"
"876",16,"Brennan Presley",LAR,"WR289","11","-","-","1 out of 5 stars","-"
"877",16,"Kaden Prather",GB,"WR290","11","-","-","5 out of 5 stars","-"
"878",16,"Omari Evans",KC,"WR291","5","-","-","2 out of 5 stars","-"
"879",16,"Brock Lampe",SEA,"RB222","11","-","-","4 out of 5 stars","-"
"880",16,"JP Richardson",CHI,"WR292","10","-","-","3 out of 5 stars","-"
"881",16,"Tru Edwards",LAR,"WR293","11","-","-","1 out of 5 stars","-"
"882",16,"Xavier Loyd",KC,"WR294","5","-","-","2 out of 5 stars","-"
"883",16,"Quez Watkins",PHI,"WR295","10","-","-","4 out of 5 stars","-"
"884",16,"Jordan Moore",CIN,"WR296","6","-","-","4 out of 5 stars","-"
"885",16,"Nick Nash",WAS,"WR297","7","-","-","2 out of 5 stars","-"
"886",16,"Devonte Ross",LAC,"WR298","7","-","-","2 out of 5 stars","-"
"887",16,"Lewis Bond",HOU,"WR299","8","-","-","3 out of 5 stars","-"
"888",16,"Chris Hilton Jr.",GB,"WR300","11","-","-","5 out of 5 stars","-"
"889",16,"Jamaal Pritchett",NYJ,"WR301","13","-","-","4 out of 5 stars","-"
"890",16,"Sincere Brown",LAC,"WR302","7","-","-","2 out of 5 stars","-"
"891",16,"Brandon Johnson",LV,"WR303","13","-","-","2 out of 5 stars","-"
"892",16,"Tyren Montgomery",TEN,"WR304","9","-","-","3 out of 5 stars","-"
"893",16,"Jaden Bradley",WAS,"WR305","7","-","-","2 out of 5 stars","-"
"894",16,"Noah Thomas",CIN,"WR306","6","-","-","4 out of 5 stars","-"
"895",16,"E.J. Williams Jr.",LV,"WR307","13","-","-","2 out of 5 stars","-"
"896",16,"Donaven McCulley",MIA,"WR308","6","-","-","3 out of 5 stars","-"
"897",16,"Rashad Rochelle",SEA,"WR309","11","-","-","3 out of 5 stars","-"
"898",16,"Dontae Fleming",MIN,"WR310","6","-","-","5 out of 5 stars","-"
"899",16,"Junior Bergen",NYJ,"WR311","13","-","-","4 out of 5 stars","-"
"900",16,"Eric Rivers Jr.",TB,"WR312","10","-","-","4 out of 5 stars","-"
"901",16,"Dillon Bell",MIN,"WR313","6","-","-","5 out of 5 stars","-"
"902",16,"Hakeem Butler",FA,"WR314","-","-","-","-","-610"
"903",16,"Josh Kelly",HOU,"WR315","8","-","-","3 out of 5 stars","-"
"904",16,"Malik McClain",NYJ,"WR316","13","-","-","4 out of 5 stars","-"
"905",16,"Dane Key",DEN,"WR317","10","-","-","2 out of 5 stars","-"
"906",16,"AJ Henning",MIA,"WR318","6","-","-","3 out of 5 stars","-"
"907",16,"Jordan Hudson",DAL,"WR319","14","-","-","2 out of 5 stars","-"
"908",16,"Trey Palmer",NO,"WR320","8","-","-","3 out of 5 stars","-"
"909",16,"Stephen Gosnell",BUF,"WR321","7","-","-","4 out of 5 stars","-"
"910",16,"Danny Gray",PHI,"WR322","10","-","-","4 out of 5 stars","-"
"911",16,"Dennis Houston",TB,"WR323","10","-","-","4 out of 5 stars","-"
"912",16,"Treyvhon Saunders",HOU,"WR324","8","-","-","3 out of 5 stars","-"
"913",16,"Kolbe Katsis",DEN,"WR325","10","-","-","2 out of 5 stars","-"
"914",16,"Daniel Sobkowicz",HOU,"WR326","8","-","-","3 out of 5 stars","-"
"915",16,"Dean Patterson IV",TB,"WR327","10","-","-","4 out of 5 stars","-"
"916",16,"Cameron Ross",DEN,"WR328","10","-","-","2 out of 5 stars","-"
"917",16,"Nick DeGennaro",NE,"WR329","11","-","-","2 out of 5 stars","-"
"918",16,"Cameron Dorner",NE,"WR330","11","-","-","2 out of 5 stars","-"
"919",16,"Keelan Marion",ATL,"WR331","11","-","-","3 out of 5 stars","-"
"920",16,"Hank Beatty",TEN,"WR332","9","-","-","3 out of 5 stars","-"
"921",16,"Max Tomczak",BUF,"WR333","7","-","-","4 out of 5 stars","-"
"922",16,"Ja'Mori Maclin",BUF,"WR334","7","-","-","4 out of 5 stars","-"
"923",16,"Wesley Grimes",SF,"WR335","8","-","-","2 out of 5 stars","-"
"924",16,"Jackson Meeks",DET,"WR336","6","-","-","4 out of 5 stars","-"
"925",16,"Kobe Prentice",NYG,"WR337","8","-","-","4 out of 5 stars","-"
"926",16,"Kyle Dixon",NE,"WR338","11","-","-","2 out of 5 stars","-"
"927",16,"Courtney Jackson",TEN,"WR339","9","-","-","3 out of 5 stars","-"
"928",16,"Lance McCutcheon",TEN,"WR340","9","-","-","3 out of 5 stars","-"
"929",16,"Luke Floriea",CLE,"WR341","11","-","-","3 out of 5 stars","-"
"930",16,"Brock Rechsteiner",NO,"WR342","8","-","-","3 out of 5 stars","-"
"931",16,"Kole Wilson",CLE,"WR343","11","-","-","3 out of 5 stars","-"
"932",16,"Bryson Green",FA,"WR344","-","-","-","-","-"
"933",16,"Cornelius Johnson",BAL,"WR345","13","-","-","4 out of 5 stars","-"
"934",16,"Xavier Guillory",BAL,"WR346","13","-","-","4 out of 5 stars","-"
"935",16,"Harrison Wallace III",ARI,"WR347","14","-","-","2 out of 5 stars","-651"
"936",16,"Cortez Braham Jr.",BAL,"WR348","13","-","-","4 out of 5 stars","-"
"937",16,"Octavian Smith Jr.",BAL,"WR349","13","-","-","4 out of 5 stars","-"
"938",16,"Irv Charles",SEA,"WR350","11","-","-","3 out of 5 stars","-"
"939",16,"Phillip Dorsett II",LV,"WR351","13","-","-","2 out of 5 stars","-"
"940",16,"Trenton Irwin",SF,"WR352","8","-","-","2 out of 5 stars","-"
"941",16,"Ihmir Smith-Marsette",ARI,"WR353","14","-","-","2 out of 5 stars","-"